symbol,sumOpenInterest,sumOpenInterestValue,CMCCirculatingSupply,timestamp
DOTUSDT,30840421.4,46508508.59455615,1673559680.31276150,2026-03-13 17:00:00+00:00
DOTUSDT,31219228.6,46298116.0138,1673559680.31276150,2026-03-13 18:00:00+00:00
DOTUSDT,31161124.5,45920377.04249968,1673559680.31276150,2026-03-13 19:00:00+00:00
DOTUSDT,31314761.2,45961733.45216856,1673559680.31276150,2026-03-13 20:00:00+00:00
DOTUSDT,31680775.0,46539058.475,1673559680.31276150,2026-03-13 21:00:00+00:00
DOTUSDT,31912076.0,46655455.112,1673559680.31276150,2026-03-13 22:00:00+00:00
DOTUSDT,32111520.6,46659087.55183239,1673559680.31276150,2026-03-13 23:00:00+00:00
DOTUSDT,32262775.6,47135915.1516,1673559680.31276150,2026-03-14 00:00:00+00:00
DOTUSDT,32502216.4,47078536.41738775,1673559680.31276150,2026-03-14 01:00:00+00:00
DOTUSDT,32617094.0,47212196.23011166,1673559680.31276150,2026-03-14 02:00:00+00:00
DOTUSDT,32794704.5,47355553.298,1673933922.78404470,2026-03-14 03:00:00+00:00
DOTUSDT,32829119.4,47487317.92918806,1673933922.78404470,2026-03-14 04:00:00+00:00
DOTUSDT,32964650.9,47630684.74036766,1673933922.78404470,2026-03-14 05:00:00+00:00
DOTUSDT,33140825.1,47597067.09835015,1673933922.78404470,2026-03-14 06:00:00+00:00
DOTUSDT,33488235.9,48002629.41107071,1673933922.78404470,2026-03-14 07:00:00+00:00
DOTUSDT,33583783.3,48192729.0355,1673933922.78404470,2026-03-14 08:00:00+00:00
DOTUSDT,33619455.8,48277538.5288,1673933922.78404470,2026-03-14 09:00:00+00:00
DOTUSDT,33812074.9,48317455.0321,1673933922.78404470,2026-03-14 10:00:00+00:00
DOTUSDT,34233319.4,48996241.54966345,1673933922.78404470,2026-03-14 11:00:00+00:00
DOTUSDT,34269611.5,49092658.82552134,1673933922.78404470,2026-03-14 12:00:00+00:00
DOTUSDT,34407482.9,49275192.2964227,1673933922.78404470,2026-03-14 13:00:00+00:00
DOTUSDT,34672617.8,49603421.95768783,1673933922.78404470,2026-03-14 14:00:00+00:00
DOTUSDT,34927102.9,49840975.8383,1673933922.78404470,2026-03-14 15:00:00+00:00
DOTUSDT,34988489.6,50068528.6176,1673933922.78404470,2026-03-14 16:00:00+00:00
DOTUSDT,35183805.3,50151911.55723391,1673933922.78404470,2026-03-14 17:00:00+00:00
DOTUSDT,35275687.5,50250857.80299188,1673933922.78404470,2026-03-14 18:00:00+00:00
DOTUSDT,35305381.5,50240232.91339428,1673933922.78404470,2026-03-14 19:00:00+00:00
DOTUSDT,35198080.6,49664904.24810463,1673933922.78404470,2026-03-14 20:00:00+00:00
DOTUSDT,35182059.3,49659476.35012941,1673933922.78404470,2026-03-14 21:00:00+00:00
DOTUSDT,35235842.9,49710761.34208761,1673933922.78404470,2026-03-14 22:00:00+00:00
DOTUSDT,35308352.3,49676114.22954618,1673933922.78404470,2026-03-14 23:00:00+00:00
DOTUSDT,35440839.2,50042464.9504,1673933922.78404470,2026-03-15 00:00:00+00:00
DOTUSDT,35737913.4,50223764.82977011,1673933922.78404470,2026-03-15 01:00:00+00:00
DOTUSDT,35747619.7,50236146.05083887,1673933922.78404470,2026-03-15 02:00:00+00:00
DOTUSDT,35984253.4,51156842.20122128,1673933922.78404470,2026-03-15 03:00:00+00:00
DOTUSDT,36035450.5,50996702.89176575,1673933922.78404470,2026-03-15 04:00:00+00:00
DOTUSDT,36230908.1,51302965.8696,1673933922.78404470,2026-03-15 05:00:00+00:00
DOTUSDT,36453189.0,51508356.057,1673933922.78404470,2026-03-15 06:00:00+00:00
DOTUSDT,36468572.4,51585585.93376391,1673933922.78404470,2026-03-15 07:00:00+00:00
DOTUSDT,36601989.6,51865019.2632,1673933922.78404470,2026-03-15 08:00:00+00:00
DOTUSDT,36772839.7,52070341.0152,1673933922.78404470,2026-03-15 09:00:00+00:00
DOTUSDT,36907703.2,52465336.09802882,1673933922.78404470,2026-03-15 10:00:00+00:00
DOTUSDT,36902769.0,52549543.056,1673933922.78404470,2026-03-15 11:00:00+00:00
DOTUSDT,36974126.2,52816210.05686311,1673933922.78404470,2026-03-15 12:00:00+00:00
DOTUSDT,37006297.2,53044028.18064939,1673933922.78404470,2026-03-15 13:00:00+00:00
DOTUSDT,36898683.6,52434355.16530175,1673933922.78404470,2026-03-15 14:00:00+00:00
DOTUSDT,37151269.9,52662918.87971982,1673933922.78404470,2026-03-15 15:00:00+00:00
DOTUSDT,37155151.0,52611693.816,1673933922.78404470,2026-03-15 16:00:00+00:00
DOTUSDT,37202120.2,52454989.482,1673933922.78404470,2026-03-15 17:00:00+00:00
DOTUSDT,37213571.6,52880485.2436,1673933922.78404470,2026-03-15 18:00:00+00:00
DOTUSDT,37151542.2,52383674.502,1673933922.78404470,2026-03-15 19:00:00+00:00
DOTUSDT,37223912.9,52857956.318,1673933922.78404470,2026-03-15 20:00:00+00:00
DOTUSDT,37200233.4,52898731.8948,1673933922.78404470,2026-03-15 21:00:00+00:00
DOTUSDT,37250510.4,53230979.3616,1673933922.78404470,2026-03-15 22:00:00+00:00
DOTUSDT,37331322.8,53682442.1864,1673933922.78404470,2026-03-15 23:00:00+00:00
DOTUSDT,37489029.9,53937893.98203543,1673933922.78404470,2026-03-16 00:00:00+00:00
DOTUSDT,37578342.0,53962499.112,1673933922.78404470,2026-03-16 01:00:00+00:00
DOTUSDT,37446507.4,53997863.6708,1673933922.78404470,2026-03-16 02:00:00+00:00
DOTUSDT,37333689.4,53874880.76010796,1673933922.78404470,2026-03-16 03:00:00+00:00
DOTUSDT,35630595.2,52628723.98330346,1673933922.78404470,2026-03-16 04:00:00+00:00
DOTUSDT,35125053.4,53531924.21239148,1673933922.78404470,2026-03-16 05:00:00+00:00
DOTUSDT,33884909.4,52216032.06853986,1673933922.78404470,2026-03-16 06:00:00+00:00
DOTUSDT,33398139.1,52687271.07515801,1673933922.78404470,2026-03-16 07:00:00+00:00
DOTUSDT,32976273.7,52205707.73739131,1673933922.78404470,2026-03-16 08:00:00+00:00
DOTUSDT,32972993.6,52821664.45463794,1673933922.78404470,2026-03-16 09:00:00+00:00
DOTUSDT,32756426.9,52702613.51353356,1673933922.78404470,2026-03-16 10:00:00+00:00
DOTUSDT,32709690.3,52258862.73175497,1673933922.78404470,2026-03-16 11:00:00+00:00
DOTUSDT,32643476.8,51979990.44247328,1673933922.78404470,2026-03-16 12:00:00+00:00
DOTUSDT,32387046.6,51398242.9542,1673933922.78404470,2026-03-16 13:00:00+00:00
DOTUSDT,31831975.7,50647521.66388564,1673933922.78404470,2026-03-16 14:00:00+00:00
DOTUSDT,31429805.6,49501943.82,1673933922.78404470,2026-03-16 15:00:00+00:00
DOTUSDT,31821947.7,49932043.43545972,1673933922.78404470,2026-03-16 16:00:00+00:00
DOTUSDT,31702480.7,50412824.17209543,1673933922.78404470,2026-03-16 17:00:00+00:00
DOTUSDT,31566228.0,50569097.256,1673933922.78404470,2026-03-16 18:00:00+00:00
DOTUSDT,31716273.5,51049317.48776358,1673933922.78404470,2026-03-16 19:00:00+00:00
DOTUSDT,31644319.7,51019703.12513011,1673933922.78404470,2026-03-16 20:00:00+00:00
DOTUSDT,32187587.1,52518313.53081662,1673933922.78404470,2026-03-16 21:00:00+00:00
DOTUSDT,32005256.7,52105573.11434253,1673933922.78404470,2026-03-16 22:00:00+00:00
DOTUSDT,31950291.2,52082661.40010157,1673933922.78404470,2026-03-16 23:00:00+00:00
DOTUSDT,32215199.5,52834237.05001167,1673933922.78404470,2026-03-17 00:00:00+00:00
DOTUSDT,31827786.5,51944093.68659186,1673933922.78404470,2026-03-17 01:00:00+00:00
DOTUSDT,31843666.4,51592480.3441786,1673933922.78404470,2026-03-17 02:00:00+00:00
DOTUSDT,31970226.4,51542110.95034014,1673933922.78404470,2026-03-17 03:00:00+00:00
DOTUSDT,32008535.4,51357261.65373068,1673933922.78404470,2026-03-17 04:00:00+00:00
DOTUSDT,32372014.4,51794893.81661356,1673933922.78404470,2026-03-17 05:00:00+00:00
DOTUSDT,32290521.5,51594299.95355105,1673933922.78404470,2026-03-17 06:00:00+00:00
DOTUSDT,32192357.1,51374700.3888443,1673933922.78404470,2026-03-17 07:00:00+00:00
DOTUSDT,32060206.7,51704400.40472514,1673933922.78404470,2026-03-17 08:00:00+00:00
DOTUSDT,31924358.1,51653611.4058,1673933922.78404470,2026-03-17 09:00:00+00:00
DOTUSDT,31838565.9,51322680.62538885,1673933922.78404470,2026-03-17 10:00:00+00:00
DOTUSDT,31779602.5,51095471.48806582,1673933922.78404470,2026-03-17 11:00:00+00:00
DOTUSDT,31793395.3,50939379.53932977,1673933922.78404470,2026-03-17 12:00:00+00:00
DOTUSDT,31970237.2,50710637.48123881,1673933922.78404470,2026-03-17 13:00:00+00:00
DOTUSDT,31868859.4,50792578.23237359,1673933922.78404470,2026-03-17 14:00:00+00:00
DOTUSDT,31999309.1,50991222.24387191,1673933922.78404470,2026-03-17 15:00:00+00:00
DOTUSDT,31970679.6,50899035.23191977,1673933922.78404470,2026-03-17 16:00:00+00:00
DOTUSDT,31931318.2,50727822.45065326,1673933922.78404470,2026-03-17 17:00:00+00:00
DOTUSDT,31989345.3,51118973.7894,1673933922.78404470,2026-03-17 18:00:00+00:00
DOTUSDT,31871107.9,51040972.47595558,1673933922.78404470,2026-03-17 19:00:00+00:00
DOTUSDT,31984039.7,50967577.31792373,1673933922.78404470,2026-03-17 20:00:00+00:00
DOTUSDT,31984696.8,51285287.63880547,1673933922.78404470,2026-03-17 21:00:00+00:00
DOTUSDT,31951817.9,51703009.86988345,1673933922.78404470,2026-03-17 22:00:00+00:00
DOTUSDT,31959444.4,51870178.2612,1673933922.78404470,2026-03-17 23:00:00+00:00
DOTUSDT,31903856.7,51690702.64228755,1673933922.78404470,2026-03-18 00:00:00+00:00
DOTUSDT,32048213.2,52262460.55049481,1673933922.78404470,2026-03-18 01:00:00+00:00
DOTUSDT,32063333.6,52060975.37395117,1673933922.78404470,2026-03-18 02:00:00+00:00
DOTUSDT,32031986.2,52564489.3542,1673933922.78404470,2026-03-18 03:00:00+00:00
DOTUSDT,32093956.1,52526308.47592717,1673933922.78404470,2026-03-18 04:00:00+00:00
DOTUSDT,32193460.2,52636307.427,1673933922.78404470,2026-03-18 05:00:00+00:00
DOTUSDT,31921645.2,51904595.0952,1673933922.78404470,2026-03-18 06:00:00+00:00
DOTUSDT,31856160.9,51800767.41886366,1673933922.78404470,2026-03-18 07:00:00+00:00
DOTUSDT,32000367.3,51968596.4952,1673933922.78404470,2026-03-18 08:00:00+00:00
DOTUSDT,32012620.5,51979848.12282433,1673933922.78404470,2026-03-18 09:00:00+00:00
DOTUSDT,31936042.3,52151557.0759,1673933922.78404470,2026-03-18 10:00:00+00:00
DOTUSDT,31891167.2,52057461.31059191,1673933922.78404470,2026-03-18 11:00:00+00:00
DOTUSDT,31240867.4,50079110.4422,1673933922.78404470,2026-03-18 12:00:00+00:00
DOTUSDT,31330405.1,49750149.92224362,1673933922.78404470,2026-03-18 13:00:00+00:00
DOTUSDT,31129048.8,49215026.1528,1673933922.78404470,2026-03-18 14:00:00+00:00
DOTUSDT,30550796.0,47414835.392,1673933922.78404470,2026-03-18 15:00:00+00:00
DOTUSDT,30083697.7,46930568.412,1673933922.78404470,2026-03-18 16:00:00+00:00
DOTUSDT,30292733.8,47044615.5914,1673933922.78404470,2026-03-18 17:00:00+00:00
DOTUSDT,30109775.6,46943853.95447483,1673933922.78404470,2026-03-18 18:00:00+00:00
DOTUSDT,30383510.4,47307125.6928,1673933922.78404470,2026-03-18 19:00:00+00:00
DOTUSDT,30156315.2,46781400.09456179,1673933922.78404470,2026-03-18 20:00:00+00:00
DOTUSDT,30051632.6,46910598.4886,1673933922.78404470,2026-03-18 21:00:00+00:00
DOTUSDT,29881098.0,46614512.88,1673933922.78404470,2026-03-18 22:00:00+00:00
DOTUSDT,29812659.0,46672629.33561222,1673933922.78404470,2026-03-18 23:00:00+00:00
DOTUSDT,29581202.2,46630826.82703909,1673933922.78404470,2026-03-19 00:00:00+00:00
DOTUSDT,29535087.2,46133806.2064,1673933922.78404470,2026-03-19 01:00:00+00:00
DOTUSDT,29501364.4,45956833.68420077,1673933922.78404470,2026-03-19 02:00:00+00:00
DOTUSDT,29672016.7,45914984.25274457,1675074175.95670910,2026-03-19 03:00:00+00:00
DOTUSDT,29529868.8,45875271.01274611,1675074175.95670910,2026-03-19 04:00:00+00:00
DOTUSDT,29624425.4,45989328.00003324,1675074175.95670910,2026-03-19 05:00:00+00:00
DOTUSDT,29531512.0,45596654.528,1675074175.95670910,2026-03-19 06:00:00+00:00
DOTUSDT,29479398.1,45545670.0645,1675074175.95670910,2026-03-19 07:00:00+00:00
DOTUSDT,29105929.9,44590284.6068,1675074175.95670910,2026-03-19 08:00:00+00:00
DOTUSDT,29061363.1,44439651.85353817,1675074175.95670910,2026-03-19 09:00:00+00:00
DOTUSDT,29005403.4,44842353.6564,1675074175.95670910,2026-03-19 10:00:00+00:00
DOTUSDT,28949569.4,44292841.182,1675074175.95670910,2026-03-19 11:00:00+00:00
DOTUSDT,28881514.6,44459850.0655013,1675074175.95670910,2026-03-19 12:00:00+00:00
DOTUSDT,28767329.5,43764657.77220082,1675074175.95670910,2026-03-19 13:00:00+00:00
DOTUSDT,28657463.6,43673974.5264,1675074175.95670910,2026-03-19 14:00:00+00:00
DOTUSDT,28607254.5,43225561.5495,1675074175.95670910,2026-03-19 15:00:00+00:00
DOTUSDT,28458789.7,43285819.1337,1675074175.95670910,2026-03-19 16:00:00+00:00
DOTUSDT,28540645.5,43082429.46020225,1675074175.95670910,2026-03-19 17:00:00+00:00
DOTUSDT,28352150.3,42898264.67372646,1675074175.95670910,2026-03-19 18:00:00+00:00
DOTUSDT,28314346.1,42872475.77368749,1675074175.95670910,2026-03-19 19:00:00+00:00
DOTUSDT,28304416.0,43305756.48,1675074175.95670910,2026-03-19 20:00:00+00:00
DOTUSDT,28313684.0,43291622.836,1675074175.95670910,2026-03-19 21:00:00+00:00
DOTUSDT,28298551.2,43098693.4776,1675074175.95670910,2026-03-19 22:00:00+00:00
DOTUSDT,28250419.5,42884136.801,1675074175.95670910,2026-03-19 23:00:00+00:00
DOTUSDT,28227566.1,42934128.0381,1675074175.95670910,2026-03-20 00:00:00+00:00
DOTUSDT,28058813.6,42830358.0620793,1675074175.95670910,2026-03-20 01:00:00+00:00
DOTUSDT,27941779.6,42907988.28123413,1675074175.95670910,2026-03-20 02:00:00+00:00
DOTUSDT,27830127.6,42731721.55560053,1675227135.28201030,2026-03-20 03:00:00+00:00
DOTUSDT,27782901.3,42563404.7916,1675227135.28201030,2026-03-20 04:00:00+00:00
DOTUSDT,27771850.1,42873499.55230454,1675227135.28201030,2026-03-20 05:00:00+00:00
DOTUSDT,27813237.9,42888012.8418,1675227135.28201030,2026-03-20 06:00:00+00:00
DOTUSDT,27791181.9,42826211.3079,1675227135.28201030,2026-03-20 07:00:00+00:00
DOTUSDT,27705483.0,42559925.93478405,1675227135.28201030,2026-03-20 08:00:00+00:00
DOTUSDT,27668036.9,42485106.23466438,1675227135.28201030,2026-03-20 09:00:00+00:00
DOTUSDT,27623917.8,42141474.4323654,1675227135.28201030,2026-03-20 10:00:00+00:00
DOTUSDT,27708242.1,42462347.63458958,1675227135.28201030,2026-03-20 11:00:00+00:00
DOTUSDT,27710797.6,42319394.16789442,1675227135.28201030,2026-03-20 12:00:00+00:00
DOTUSDT,27697038.1,42338002.9234571,1675227135.28201030,2026-03-20 13:00:00+00:00
DOTUSDT,27649508.1,42145464.46594058,1675227135.28201030,2026-03-20 14:00:00+00:00
DOTUSDT,27685604.0,41999061.268,1675227135.28201030,2026-03-20 15:00:00+00:00
DOTUSDT,27748032.0,42317611.52538816,1675227135.28201030,2026-03-20 16:00:00+00:00
DOTUSDT,27811573.5,42177146.18918523,1675227135.28201030,2026-03-20 17:00:00+00:00
DOTUSDT,27948315.3,42425542.6254,1675227135.28201030,2026-03-20 18:00:00+00:00
DOTUSDT,27963930.7,42056258.77853993,1675227135.28201030,2026-03-20 19:00:00+00:00
DOTUSDT,27976989.8,42217277.6082,1675227135.28201030,2026-03-20 20:00:00+00:00
DOTUSDT,28044842.4,42235532.6544,1675227135.28201030,2026-03-20 21:00:00+00:00
DOTUSDT,28230337.9,42726232.47905456,1675227135.28201030,2026-03-20 22:00:00+00:00
DOTUSDT,28280413.1,42830211.94303057,1675227135.28201030,2026-03-20 23:00:00+00:00
DOTUSDT,28360899.6,42499477.36783056,1675227135.28201030,2026-03-21 00:00:00+00:00
DOTUSDT,28295738.8,42726565.588,1675227135.28201030,2026-03-21 01:00:00+00:00
DOTUSDT,28253021.4,42470498.35300158,1675227135.28201030,2026-03-21 02:00:00+00:00
DOTUSDT,28344135.1,42842820.90543918,1675369765.08850720,2026-03-21 03:00:00+00:00
DOTUSDT,28197107.1,42605828.8281,1675369765.08850720,2026-03-21 04:00:00+00:00
DOTUSDT,28255057.0,42576350.48693947,1675369765.08850720,2026-03-21 05:00:00+00:00
DOTUSDT,28339428.9,42735858.7812,1675369765.08850720,2026-03-21 06:00:00+00:00
DOTUSDT,28303028.4,42695339.67108209,1675369765.08850720,2026-03-21 07:00:00+00:00
DOTUSDT,28278049.6,42445352.4496,1675369765.08850720,2026-03-21 08:00:00+00:00
DOTUSDT,28121625.6,42174309.84412032,1675369765.08850720,2026-03-21 09:00:00+00:00
DOTUSDT,28353588.9,42239161.0865851,1675369765.08850720,2026-03-21 10:00:00+00:00
DOTUSDT,28378302.3,42386305.94914538,1675369765.08850720,2026-03-21 11:00:00+00:00
DOTUSDT,28427511.2,42347375.22951126,1675369765.08850720,2026-03-21 12:00:00+00:00
DOTUSDT,28583209.9,42603274.6417821,1675369765.08850720,2026-03-21 13:00:00+00:00
DOTUSDT,28579968.8,42512682.1550234,1675369765.08850720,2026-03-21 14:00:00+00:00
DOTUSDT,28853115.0,42933435.12,1675369765.08850720,2026-03-21 15:00:00+00:00
DOTUSDT,28821151.2,43406309.77054795,1675369765.08850720,2026-03-21 16:00:00+00:00
DOTUSDT,28649250.8,42973876.2,1675369765.08850720,2026-03-21 17:00:00+00:00
DOTUSDT,28767026.9,43121773.3231,1675369765.08850720,2026-03-21 18:00:00+00:00
DOTUSDT,28874814.8,43147856.64797322,1675369765.08850720,2026-03-21 19:00:00+00:00
DOTUSDT,28995617.8,43290457.3754,1675369765.08850720,2026-03-21 20:00:00+00:00
DOTUSDT,29049105.5,43559076.47051217,1675369765.08850720,2026-03-21 21:00:00+00:00
DOTUSDT,29017411.3,43396182.49550675,1675369765.08850720,2026-03-21 22:00:00+00:00
DOTUSDT,29034328.5,43389302.92619301,1675369765.08850720,2026-03-21 23:00:00+00:00
DOTUSDT,29000093.3,42520021.47673243,1675369765.08850720,2026-03-22 00:00:00+00:00
DOTUSDT,29133228.6,42651046.6704,1675369765.08850720,2026-03-22 01:00:00+00:00
DOTUSDT,29092774.6,42549108.58458778,1675369765.08850720,2026-03-22 02:00:00+00:00
DOTUSDT,29028017.7,42678285.69156907,1675526518.37026700,2026-03-22 03:00:00+00:00
DOTUSDT,29057782.5,42729520.59852503,1675526518.37026700,2026-03-22 04:00:00+00:00
DOTUSDT,29068205.3,42866886.71614079,1675526518.37026700,2026-03-22 05:00:00+00:00
DOTUSDT,29161296.5,42648424.70932057,1675526518.37026700,2026-03-22 06:00:00+00:00
DOTUSDT,29116403.4,42597298.1742,1675526518.37026700,2026-03-22 07:00:00+00:00
DOTUSDT,29158849.0,42459082.66725923,1675526518.37026700,2026-03-22 08:00:00+00:00
DOTUSDT,29260826.3,42472444.60088128,1675526518.37026700,2026-03-22 09:00:00+00:00
DOTUSDT,29153896.0,42344089.66667576,1675526518.37026700,2026-03-22 10:00:00+00:00
DOTUSDT,29274433.1,42016533.21571878,1675526518.37026700,2026-03-22 11:00:00+00:00
DOTUSDT,29491763.6,42212664.23263864,1675526518.37026700,2026-03-22 12:00:00+00:00
DOTUSDT,29412366.8,42339001.71242921,1675526518.37026700,2026-03-22 13:00:00+00:00
DOTUSDT,29416692.5,42217440.66560703,1675526518.37026700,2026-03-22 14:00:00+00:00
DOTUSDT,29520008.1,42272651.5992,1675526518.37026700,2026-03-22 15:00:00+00:00
DOTUSDT,29512069.2,42297416.49144571,1675526518.37026700,2026-03-22 16:00:00+00:00
DOTUSDT,29661638.3,42457095.99976804,1675526518.37026700,2026-03-22 17:00:00+00:00
DOTUSDT,29510309.5,42258763.204,1675526518.37026700,2026-03-22 18:00:00+00:00
DOTUSDT,29566911.3,42221549.3364,1675526518.37026700,2026-03-22 19:00:00+00:00
DOTUSDT,29552859.2,41846868.72314426,1675526518.37026700,2026-03-22 20:00:00+00:00
DOTUSDT,29658858.4,41838864.74501384,1675526518.37026700,2026-03-22 21:00:00+00:00
DOTUSDT,29709151.4,41903226.54294533,1675526518.37026700,2026-03-22 22:00:00+00:00
DOTUSDT,29492374.2,41767507.04188022,1675526518.37026700,2026-03-22 23:00:00+00:00
DOTUSDT,29495660.6,41610094.72510352,1675526518.37026700,2026-03-23 00:00:00+00:00
DOTUSDT,29625597.5,42094496.89112143,1675526518.37026700,2026-03-23 01:00:00+00:00
DOTUSDT,29578059.8,42071290.09368387,1675526518.37026700,2026-03-23 02:00:00+00:00
DOTUSDT,29630898.8,42412019.58280178,1675652127.49310500,2026-03-23 03:00:00+00:00
DOTUSDT,29575882.2,42273050.65493522,1675652127.49310500,2026-03-23 04:00:00+00:00
DOTUSDT,29538010.2,42479659.00032139,1675652127.49310500,2026-03-23 05:00:00+00:00
DOTUSDT,29417325.5,42256079.77884482,1675652127.49310500,2026-03-23 06:00:00+00:00
DOTUSDT,29499296.3,41792015.61456153,1675652127.49310500,2026-03-23 07:00:00+00:00
DOTUSDT,29565281.9,41809214.18033899,1675652127.49310500,2026-03-23 08:00:00+00:00
DOTUSDT,29644509.1,41729097.68129136,1675652127.49310500,2026-03-23 09:00:00+00:00
DOTUSDT,29679480.5,42013073.5447878,1675652127.49310500,2026-03-23 10:00:00+00:00
DOTUSDT,29589719.8,41883542.07028838,1675652127.49310500,2026-03-23 11:00:00+00:00
DOTUSDT,29236613.2,42802401.7248,1675652127.49310500,2026-03-23 12:00:00+00:00
DOTUSDT,29139393.6,42824242.11697272,1675652127.49310500,2026-03-23 13:00:00+00:00
DOTUSDT,29246568.4,43226428.0952,1675652127.49310500,2026-03-23 14:00:00+00:00
DOTUSDT,29354497.0,43010593.5483107,1675652127.49310500,2026-03-23 15:00:00+00:00
DOTUSDT,29427500.2,42140180.2864,1675652127.49310500,2026-03-23 16:00:00+00:00
DOTUSDT,29504932.1,42386105.07112578,1675652127.49310500,2026-03-23 17:00:00+00:00
DOTUSDT,29549680.0,42374241.12,1675652127.49310500,2026-03-23 18:00:00+00:00
DOTUSDT,29598866.0,42592768.174,1675652127.49310500,2026-03-23 19:00:00+00:00
DOTUSDT,29550683.6,41994927.40739173,1675652127.49310500,2026-03-23 20:00:00+00:00
DOTUSDT,29797160.3,42446695.78426805,1675652127.49310500,2026-03-23 21:00:00+00:00
DOTUSDT,29798846.3,42552752.5164,1675652127.49310500,2026-03-23 22:00:00+00:00
DOTUSDT,30206744.0,42621715.784,1675652127.49310500,2026-03-23 23:00:00+00:00
DOTUSDT,30191836.3,42825852.33826213,1675652127.49310500,2026-03-24 00:00:00+00:00
DOTUSDT,30572646.4,43456852.31423488,1675652127.49310500,2026-03-24 01:00:00+00:00
DOTUSDT,30717855.0,43353985.31526195,1675652127.49310500,2026-03-24 02:00:00+00:00
DOTUSDT,30820532.6,43532067.07625805,1675845290.35930040,2026-03-24 03:00:00+00:00
DOTUSDT,31055932.0,44130479.372,1675845290.35930040,2026-03-24 04:00:00+00:00
DOTUSDT,31289701.7,44212348.5021,1675845290.35930040,2026-03-24 05:00:00+00:00
DOTUSDT,31248445.0,44247798.12,1675845290.35930040,2026-03-24 06:00:00+00:00
DOTUSDT,31527355.6,44625634.77664901,1675845290.35930040,2026-03-24 07:00:00+00:00
DOTUSDT,32070619.3,45732703.1218,1675845290.35930040,2026-03-24 08:00:00+00:00
DOTUSDT,32236744.2,45749768.7455188,1675845290.35930040,2026-03-24 09:00:00+00:00
DOTUSDT,32495102.4,45933179.36361086,1675845290.35930040,2026-03-24 10:00:00+00:00
DOTUSDT,32220803.4,45238007.9736,1675845290.35930040,2026-03-24 11:00:00+00:00
DOTUSDT,32565385.1,45419743.70744346,1675845290.35930040,2026-03-24 12:00:00+00:00
DOTUSDT,32610636.6,45332138.22576158,1675845290.35930040,2026-03-24 13:00:00+00:00
DOTUSDT,33071585.3,45903360.3964,1675845290.35930040,2026-03-24 14:00:00+00:00
DOTUSDT,33452313.0,46822207.63431138,1675845290.35930040,2026-03-24 15:00:00+00:00
DOTUSDT,33718616.8,46546922.22039473,1675845290.35930040,2026-03-24 16:00:00+00:00
DOTUSDT,33847318.8,46607757.9876,1675845290.35930040,2026-03-24 17:00:00+00:00
DOTUSDT,34257082.6,46780597.41524122,1675845290.35930040,2026-03-24 18:00:00+00:00
DOTUSDT,34339060.9,47106872.48081318,1675845290.35930040,2026-03-24 19:00:00+00:00
DOTUSDT,34445927.0,47500933.333,1675845290.35930040,2026-03-24 20:00:00+00:00
DOTUSDT,34276905.0,47850559.38,1675845290.35930040,2026-03-24 21:00:00+00:00
DOTUSDT,34346557.5,47947794.27,1675845290.35930040,2026-03-24 22:00:00+00:00
DOTUSDT,34341370.7,47837529.3851,1675845290.35930040,2026-03-24 23:00:00+00:00
DOTUSDT,34410940.4,48175316.56,1675845290.35930040,2026-03-25 00:00:00+00:00
DOTUSDT,34481567.8,48446602.759,1675845290.35930040,2026-03-25 01:00:00+00:00
DOTUSDT,34230252.3,48035557.79889394,1675845290.35930040,2026-03-25 02:00:00+00:00
DOTUSDT,34357287.0,48094453.13873916,1675986877.34052180,2026-03-25 03:00:00+00:00
DOTUSDT,34521656.0,48360152.36033176,1675986877.34052180,2026-03-25 04:00:00+00:00
DOTUSDT,34650926.2,48290902.58248826,1675986877.34052180,2026-03-25 05:00:00+00:00
DOTUSDT,34679462.6,48135094.0888,1675986877.34052180,2026-03-25 06:00:00+00:00
DOTUSDT,34580579.6,47790361.0072,1675986877.34052180,2026-03-25 07:00:00+00:00
DOTUSDT,34500394.4,47714045.4552,1675986877.34052180,2026-03-25 08:00:00+00:00
DOTUSDT,34287608.5,47423435.44412252,1675986877.34052180,2026-03-25 09:00:00+00:00
DOTUSDT,34791614.9,48232831.35489461,1675986877.34052180,2026-03-25 10:00:00+00:00
DOTUSDT,34649966.8,48085809.85989489,1675986877.34052180,2026-03-25 11:00:00+00:00
DOTUSDT,34298834.3,47743977.3456,1675986877.34052180,2026-03-25 12:00:00+00:00
DOTUSDT,33836234.5,46930857.2515,1675986877.34052180,2026-03-25 13:00:00+00:00
DOTUSDT,33963987.6,46496699.0244,1675986877.34052180,2026-03-25 14:00:00+00:00
DOTUSDT,34040197.1,46819449.43539609,1675986877.34052180,2026-03-25 15:00:00+00:00
DOTUSDT,34146293.5,46643836.921,1675986877.34052180,2026-03-25 16:00:00+00:00
DOTUSDT,34020940.9,46472605.2694,1675986877.34052180,2026-03-25 17:00:00+00:00
DOTUSDT,34180060.3,46796593.2203167,1675986877.34052180,2026-03-25 18:00:00+00:00
DOTUSDT,34029717.6,46665338.32247194,1675986877.34052180,2026-03-25 19:00:00+00:00
DOTUSDT,34058569.3,46523101.40878508,1675986877.34052180,2026-03-25 20:00:00+00:00
DOTUSDT,34142993.5,46127184.2185,1675986877.34052180,2026-03-25 21:00:00+00:00
DOTUSDT,34294210.8,46347366.26983731,1675986877.34052180,2026-03-25 22:00:00+00:00
DOTUSDT,34485946.1,46814665.62327971,1675986877.34052180,2026-03-25 23:00:00+00:00
DOTUSDT,34534246.3,46958016.69108193,1675986877.34052180,2026-03-26 00:00:00+00:00
DOTUSDT,34569372.3,46876068.8388,1675986877.34052180,2026-03-26 01:00:00+00:00
DOTUSDT,34429887.0,46781088.03705969,1675986877.34052180,2026-03-26 02:00:00+00:00
DOTUSDT,34786013.2,46915319.25074115,1676140038.84215260,2026-03-26 03:00:00+00:00
DOTUSDT,35071910.4,47066503.7568,1676140038.84215260,2026-03-26 04:00:00+00:00
DOTUSDT,35326217.6,47154832.0511239,1676140038.84215260,2026-03-26 05:00:00+00:00
DOTUSDT,35289531.6,46970366.5596,1676140038.84215260,2026-03-26 06:00:00+00:00
DOTUSDT,35184364.3,46567091.26702831,1676140038.84215260,2026-03-26 07:00:00+00:00
DOTUSDT,35375729.8,46945593.2346056,1676140038.84215260,2026-03-26 08:00:00+00:00
DOTUSDT,35513404.9,46874605.86717585,1676140038.84215260,2026-03-26 09:00:00+00:00
DOTUSDT,35438064.0,46494739.968,1676140038.84215260,2026-03-26 10:00:00+00:00
DOTUSDT,35621842.4,46715868.74437409,1676140038.84215260,2026-03-26 11:00:00+00:00
DOTUSDT,35475971.5,46560876.56866331,1676140038.84215260,2026-03-26 12:00:00+00:00
DOTUSDT,35460669.5,46753059.06453016,1676140038.84215260,2026-03-26 13:00:00+00:00
DOTUSDT,35309601.4,46997079.4634,1676140038.84215260,2026-03-26 14:00:00+00:00
DOTUSDT,35326808.2,46984654.906,1676140038.84215260,2026-03-26 15:00:00+00:00
DOTUSDT,35078851.7,46387907.61565677,1676140038.84215260,2026-03-26 16:00:00+00:00
DOTUSDT,35013277.1,46156711.56113778,1676140038.84215260,2026-03-26 17:00:00+00:00
DOTUSDT,34762003.0,45867859.83774795,1676140038.84215260,2026-03-26 18:00:00+00:00
DOTUSDT,34470916.3,45308484.13917428,1676140038.84215260,2026-03-26 19:00:00+00:00
DOTUSDT,34432051.6,44939725.20411857,1676140038.84215260,2026-03-26 20:00:00+00:00
DOTUSDT,34143169.7,44625122.7979,1676140038.84215260,2026-03-26 21:00:00+00:00
DOTUSDT,33879649.4,44717581.19999898,1676140038.84215260,2026-03-26 22:00:00+00:00
DOTUSDT,33938253.5,44798494.62,1676140038.84215260,2026-03-26 23:00:00+00:00
DOTUSDT,33577966.5,44356493.7465,1676140038.84215260,2026-03-27 00:00:00+00:00
DOTUSDT,33543021.8,44405949.8711733,1676140038.84215260,2026-03-27 01:00:00+00:00
DOTUSDT,33225369.5,44355868.2825,1676140038.84215260,2026-03-27 02:00:00+00:00
DOTUSDT,33244075.6,44114888.3212,1676281349.60729740,2026-03-27 03:00:00+00:00
DOTUSDT,33208342.6,43849900.19615443,1676281349.60729740,2026-03-27 04:00:00+00:00
DOTUSDT,33337509.5,44038850.0495,1676281349.60729740,2026-03-27 05:00:00+00:00
DOTUSDT,33182190.8,43833674.0468,1676281349.60729740,2026-03-27 06:00:00+00:00
DOTUSDT,33251224.4,43941092.03483374,1676281349.60729740,2026-03-27 07:00:00+00:00
DOTUSDT,33293084.8,44051064.30953584,1676281349.60729740,2026-03-27 08:00:00+00:00
DOTUSDT,33386191.0,43889551.45781054,1676281349.60729740,2026-03-27 09:00:00+00:00
DOTUSDT,33239484.7,43187765.30971678,1676281349.60729740,2026-03-27 10:00:00+00:00
DOTUSDT,33350631.3,42522054.9075,1676281349.60729740,2026-03-27 11:00:00+00:00
DOTUSDT,33572857.5,43006830.4575,1676281349.60729740,2026-03-27 12:00:00+00:00
DOTUSDT,33816153.5,43361017.12284932,1676281349.60729740,2026-03-27 13:00:00+00:00
DOTUSDT,33557749.2,43168104.33046643,1676281349.60729740,2026-03-27 14:00:00+00:00
DOTUSDT,33564835.1,43050954.64088503,1676281349.60729740,2026-03-27 15:00:00+00:00
DOTUSDT,33477315.7,42769511.4434898,1676281349.60729740,2026-03-27 16:00:00+00:00
