open_time,open,high,low,close,volume,close_time,quote_volume,trade_count,taker_buy_base_vol,taker_buy_quote_vol
2026-03-13 17:00:00+00:00,2132.89,2140.22,2088.44,2102.02,589299.474,2026-03-13 17:59:59.999000+00:00,1244323775.21516,610164,286334.19,604734276.62845
2026-03-13 18:00:00+00:00,2102.02,2107.89,2089.56,2099.87,266270.889,2026-03-13 18:59:59.999000+00:00,559568207.37902,372033,135957.59,285754254.30825
2026-03-13 19:00:00+00:00,2099.88,2104.98,2095.0,2101.72,122719.714,2026-03-13 19:59:59.999000+00:00,257829077.83997,227313,67572.166,141977892.74923
2026-03-13 20:00:00+00:00,2101.73,2113.25,2100.03,2110.5,99442.831,2026-03-13 20:59:59.999000+00:00,209654865.60535,138494,54771.513,115469527.63809
2026-03-13 21:00:00+00:00,2110.51,2116.39,2099.05,2102.01,102516.599,2026-03-13 21:59:59.999000+00:00,216045446.87382,146469,43665.065,92037374.30253
2026-03-13 22:00:00+00:00,2102.01,2103.94,2077.03,2088.0,242745.715,2026-03-13 22:59:59.999000+00:00,506445872.71969,347743,105419.661,219891386.15991
2026-03-13 23:00:00+00:00,2088.01,2092.94,2084.33,2091.01,69184.7,2026-03-13 23:59:59.999000+00:00,144589699.16542,137734,38356.801,80165722.79272
2026-03-14 00:00:00+00:00,2091.0,2094.2,2082.0,2084.36,94149.371,2026-03-14 00:59:59.999000+00:00,196568814.17305,166609,45873.859,95784110.79395
2026-03-14 01:00:00+00:00,2084.36,2094.99,2080.06,2091.57,111732.796,2026-03-14 01:59:59.999000+00:00,233395823.18886,150670,49542.234,103499585.47341
2026-03-14 02:00:00+00:00,2091.57,2094.8,2088.54,2091.44,63047.781,2026-03-14 02:59:59.999000+00:00,131891667.97904,103792,33334.494,69743958.77042
2026-03-14 03:00:00+00:00,2091.44,2103.62,2091.3,2100.0,112836.019,2026-03-14 03:59:59.999000+00:00,236779660.95175,154675,67866.126,142420019.23096
2026-03-14 04:00:00+00:00,2100.0,2105.75,2086.25,2089.31,165007.319,2026-03-14 04:59:59.999000+00:00,345955038.02714,167081,71737.823,150443120.98508
2026-03-14 05:00:00+00:00,2089.3,2093.54,2084.34,2091.3,98981.563,2026-03-14 05:59:59.999000+00:00,206860108.33768,118737,42076.128,87938988.59157
2026-03-14 06:00:00+00:00,2091.3,2091.3,2067.13,2077.16,216539.397,2026-03-14 06:59:59.999000+00:00,449964880.69505,251686,94012.067,195340269.69109
2026-03-14 07:00:00+00:00,2077.16,2079.43,2074.11,2076.3,75277.145,2026-03-14 07:59:59.999000+00:00,156353605.12022,103653,34919.714,72536780.19757
2026-03-14 08:00:00+00:00,2076.3,2080.22,2071.48,2073.2,86502.47,2026-03-14 08:59:59.999000+00:00,179558770.53929,102173,42884.617,89021939.69189
2026-03-14 09:00:00+00:00,2073.19,2076.83,2062.47,2066.11,124344.554,2026-03-14 09:59:59.999000+00:00,257288160.36811,126753,54431.332,112636491.46087
2026-03-14 10:00:00+00:00,2066.11,2067.88,2060.09,2065.01,103675.175,2026-03-14 10:59:59.999000+00:00,213997738.16224,122177,49004.981,101164848.22273
2026-03-14 11:00:00+00:00,2065.01,2075.58,2064.48,2072.65,107288.956,2026-03-14 11:59:59.999000+00:00,222230739.75666,103086,60700.675,125724625.93891
2026-03-14 12:00:00+00:00,2072.65,2077.3,2068.34,2074.33,92509.25,2026-03-14 12:59:59.999000+00:00,191790519.92235,104307,48508.48,100572200.07697
2026-03-14 13:00:00+00:00,2074.33,2079.55,2071.66,2077.22,65611.396,2026-03-14 13:59:59.999000+00:00,136221198.39479,90353,33791.998,70160374.49419
2026-03-14 14:00:00+00:00,2077.23,2079.49,2068.43,2069.82,71788.481,2026-03-14 14:59:59.999000+00:00,148828293.24319,102338,33232.986,68901571.11925
2026-03-14 15:00:00+00:00,2069.83,2076.91,2068.74,2073.55,64808.476,2026-03-14 15:59:59.999000+00:00,134369178.21498,88920,34760.608,72067601.35754
2026-03-14 16:00:00+00:00,2073.55,2077.58,2067.58,2076.35,67556.669,2026-03-14 16:59:59.999000+00:00,140004750.70583,85242,33509.842,69463477.09453
2026-03-14 17:00:00+00:00,2076.36,2077.31,2072.01,2073.97,41347.396,2026-03-14 17:59:59.999000+00:00,85804204.27399,52462,20472.385,42487094.78239
2026-03-14 18:00:00+00:00,2073.97,2076.97,2071.7,2075.73,23890.433,2026-03-14 18:59:59.999000+00:00,49555271.78239,39389,13146.409,27268426.14759
2026-03-14 19:00:00+00:00,2075.74,2078.44,2073.64,2076.25,26284.607,2026-03-14 19:59:59.999000+00:00,54573722.40299,41424,13535.339,28104698.83965
2026-03-14 20:00:00+00:00,2076.25,2087.4,2074.79,2084.59,81541.258,2026-03-14 20:59:59.999000+00:00,169758930.21369,76663,49573.386,103219304.43587
2026-03-14 21:00:00+00:00,2084.6,2087.99,2080.18,2085.65,47599.054,2026-03-14 21:59:59.999000+00:00,99188107.7316,66751,23796.016,49590113.39626
2026-03-14 22:00:00+00:00,2085.65,2087.21,2080.39,2083.48,35712.918,2026-03-14 22:59:59.999000+00:00,74437851.82447,57428,17827.158,37158588.43387
2026-03-14 23:00:00+00:00,2083.49,2098.58,2082.9,2095.27,169793.24,2026-03-14 23:59:59.999000+00:00,355423582.03056,171411,93922.483,196590311.78738
2026-03-15 00:00:00+00:00,2095.28,2095.76,2084.06,2086.83,85877.076,2026-03-15 00:59:59.999000+00:00,179468150.85656,118221,41457.017,86640678.91923
2026-03-15 01:00:00+00:00,2086.82,2090.3,2081.59,2087.2,52554.164,2026-03-15 01:59:59.999000+00:00,109615798.02103,98267,26690.401,55671777.70908
2026-03-15 02:00:00+00:00,2087.2,2107.0,2087.2,2100.82,184277.054,2026-03-15 02:59:59.999000+00:00,386569716.06062,237701,119204.369,250074019.64159
2026-03-15 03:00:00+00:00,2100.81,2104.2,2092.33,2095.17,83145.025,2026-03-15 03:59:59.999000+00:00,174366591.23026,130138,34743.53,72859338.48232
2026-03-15 04:00:00+00:00,2095.17,2103.58,2095.0,2103.58,63243.283,2026-03-15 04:59:59.999000+00:00,132803623.4723,118566,31898.87,66985598.244
2026-03-15 05:00:00+00:00,2103.58,2116.35,2100.88,2106.89,193782.965,2026-03-15 05:59:59.999000+00:00,408757678.63048,217713,105766.168,223118737.62616
2026-03-15 06:00:00+00:00,2106.89,2110.32,2102.01,2106.81,61200.117,2026-03-15 06:59:59.999000+00:00,128891712.96654,93879,28680.565,60402308.95537
2026-03-15 07:00:00+00:00,2106.82,2112.97,2102.56,2104.97,68884.348,2026-03-15 07:59:59.999000+00:00,145174053.67152,99659,34102.101,71876453.48463
2026-03-15 08:00:00+00:00,2104.97,2112.29,2104.97,2111.81,58333.147,2026-03-15 08:59:59.999000+00:00,123029241.8008,94763,31053.832,65496115.4078
2026-03-15 09:00:00+00:00,2111.81,2123.25,2111.7,2116.2,176204.211,2026-03-15 09:59:59.999000+00:00,373147005.08146,201333,99261.543,210221892.91522
2026-03-15 10:00:00+00:00,2116.21,2120.57,2113.13,2117.87,59527.264,2026-03-15 10:59:59.999000+00:00,126049279.16434,90745,27468.253,58166828.91969
2026-03-15 11:00:00+00:00,2117.86,2120.46,2113.67,2118.6,55928.534,2026-03-15 11:59:59.999000+00:00,118408254.39073,82388,24218.55,51276937.5783
2026-03-15 12:00:00+00:00,2118.61,2118.96,2106.65,2108.64,103204.6,2026-03-15 12:59:59.999000+00:00,217945930.9542,113382,43358.878,91561402.56157
2026-03-15 13:00:00+00:00,2108.64,2112.16,2085.1,2096.36,351882.962,2026-03-15 13:59:59.999000+00:00,737160867.37595,381074,166202.798,348156907.46401
2026-03-15 14:00:00+00:00,2096.35,2098.3,2085.52,2096.04,115495.023,2026-03-15 14:59:59.999000+00:00,241608754.02366,146580,56003.147,117158462.30228
2026-03-15 15:00:00+00:00,2096.05,2096.25,2088.91,2092.93,57742.935,2026-03-15 15:59:59.999000+00:00,120852378.14706,90737,29865.073,62507235.66408
2026-03-15 16:00:00+00:00,2092.93,2097.94,2087.65,2090.59,87846.932,2026-03-15 16:59:59.999000+00:00,183821320.38754,127929,44925.151,94019872.99464
2026-03-15 17:00:00+00:00,2090.6,2117.62,2090.05,2109.65,144964.084,2026-03-15 17:59:59.999000+00:00,305184693.08941,167858,85508.691,180017821.48333
2026-03-15 18:00:00+00:00,2109.65,2112.83,2092.65,2098.05,130721.276,2026-03-15 18:59:59.999000+00:00,275058218.82047,177294,58708.012,123543414.71374
2026-03-15 19:00:00+00:00,2098.06,2113.35,2095.16,2112.33,112055.991,2026-03-15 19:59:59.999000+00:00,236049873.22735,146318,62053.753,130726715.46546
2026-03-15 20:00:00+00:00,2112.32,2139.0,2108.91,2128.0,230006.544,2026-03-15 20:59:59.999000+00:00,488814175.69871,267184,137396.103,292040584.55132
2026-03-15 21:00:00+00:00,2128.01,2144.0,2122.4,2138.41,140204.061,2026-03-15 21:59:59.999000+00:00,299168838.26104,216871,76132.921,162491092.39212
2026-03-15 22:00:00+00:00,2138.42,2192.15,2124.1,2183.73,656377.575,2026-03-15 22:59:59.999000+00:00,1418740094.93545,767877,384815.525,831853546.3937
2026-03-15 23:00:00+00:00,2183.74,2202.87,2165.24,2177.73,624195.138,2026-03-15 23:59:59.999000+00:00,1364071656.42751,791247,323983.829,708261520.4646
2026-03-16 00:00:00+00:00,2177.73,2186.9,2163.32,2170.39,190948.976,2026-03-16 00:59:59.999000+00:00,415351433.1602,361992,88744.636,193089811.33928
2026-03-16 01:00:00+00:00,2170.4,2189.98,2163.56,2184.99,181944.904,2026-03-16 01:59:59.999000+00:00,396169110.07419,357321,100600.469,219080484.22535
2026-03-16 02:00:00+00:00,2184.99,2188.45,2169.0,2179.63,147967.942,2026-03-16 02:59:59.999000+00:00,322209712.36701,259008,73202.876,159432447.28465
2026-03-16 03:00:00+00:00,2179.63,2253.6,2176.37,2235.13,991553.409,2026-03-16 03:59:59.999000+00:00,2205840957.28869,978454,584330.582,1299970532.25949
2026-03-16 04:00:00+00:00,2235.14,2279.97,2235.13,2262.25,683730.533,2026-03-16 04:59:59.999000+00:00,1542914366.75872,784755,358700.805,809612983.07036
2026-03-16 05:00:00+00:00,2262.25,2288.0,2255.61,2279.41,496273.464,2026-03-16 05:59:59.999000+00:00,1126673422.38243,564703,266679.561,605627573.75535
2026-03-16 06:00:00+00:00,2279.42,2280.78,2260.0,2261.01,245093.014,2026-03-16 06:59:59.999000+00:00,555347776.51846,312060,114552.624,259578217.82036
2026-03-16 07:00:00+00:00,2261.01,2268.43,2244.68,2248.43,269076.966,2026-03-16 07:59:59.999000+00:00,607187882.88986,282072,121644.771,274543861.86356
2026-03-16 08:00:00+00:00,2248.44,2258.37,2233.0,2242.6,270287.574,2026-03-16 08:59:59.999000+00:00,607197091.56136,382083,132466.196,297691895.29476
2026-03-16 09:00:00+00:00,2242.6,2265.0,2238.37,2259.24,206733.743,2026-03-16 09:59:59.999000+00:00,465803513.0194,274088,116178.163,261763911.91404
2026-03-16 10:00:00+00:00,2259.23,2277.88,2255.17,2277.12,306714.955,2026-03-16 10:59:59.999000+00:00,695126148.50919,353006,168714.762,382432697.72837
2026-03-16 11:00:00+00:00,2277.12,2279.68,2264.8,2268.81,200661.269,2026-03-16 11:59:59.999000+00:00,455986317.0284,258642,103264.269,234674831.39282
2026-03-16 12:00:00+00:00,2268.82,2302.99,2268.67,2278.19,696406.964,2026-03-16 12:59:59.999000+00:00,1592731971.15868,677819,387101.945,885532561.26979
2026-03-16 13:00:00+00:00,2278.19,2308.0,2270.52,2287.56,658784.034,2026-03-16 13:59:59.999000+00:00,1508272795.53468,723914,359789.268,823922710.1933
2026-03-16 14:00:00+00:00,2287.56,2303.96,2253.51,2286.84,704233.039,2026-03-16 14:59:59.999000+00:00,1604070570.94992,921406,361041.457,822750020.38322
2026-03-16 15:00:00+00:00,2286.83,2298.5,2268.62,2272.42,312491.326,2026-03-16 15:59:59.999000+00:00,713818461.13243,550888,157621.524,360104584.9225
2026-03-16 16:00:00+00:00,2272.41,2299.79,2268.62,2296.07,282094.589,2026-03-16 16:59:59.999000+00:00,644798274.06375,480264,158155.947,361495826.61617
2026-03-16 17:00:00+00:00,2296.08,2321.46,2292.19,2313.44,409639.038,2026-03-16 17:59:59.999000+00:00,945570506.72805,542608,236287.118,545660684.18389
2026-03-16 18:00:00+00:00,2313.44,2345.0,2312.67,2320.66,570963.21,2026-03-16 18:59:59.999000+00:00,1331453063.84488,653567,314314.412,732980658.12911
2026-03-16 19:00:00+00:00,2320.65,2347.99,2317.15,2329.98,267631.126,2026-03-16 19:59:59.999000+00:00,624167827.11345,445680,133640.66,311718588.56442
2026-03-16 20:00:00+00:00,2329.98,2346.85,2322.37,2344.11,142260.738,2026-03-16 20:59:59.999000+00:00,332146559.99148,246080,80983.307,189119823.19506
2026-03-16 21:00:00+00:00,2344.11,2376.05,2342.38,2359.63,393485.89,2026-03-16 21:59:59.999000+00:00,927213767.39406,508387,218637.858,515380912.59799
2026-03-16 22:00:00+00:00,2359.63,2385.78,2353.97,2356.69,304849.153,2026-03-16 22:59:59.999000+00:00,722059247.45827,455365,150866.96,357507377.13943
2026-03-16 23:00:00+00:00,2356.69,2361.01,2328.85,2351.66,296528.674,2026-03-16 23:59:59.999000+00:00,695299231.51417,419282,137796.31,323161396.34353
2026-03-17 00:00:00+00:00,2351.66,2377.0,2339.0,2356.55,453717.525,2026-03-17 00:59:59.999000+00:00,1070042788.08418,747167,252601.325,596133355.30134
2026-03-17 01:00:00+00:00,2356.54,2375.94,2345.57,2359.83,319160.202,2026-03-17 01:59:59.999000+00:00,753460865.26124,608372,154874.587,365704927.99112
2026-03-17 02:00:00+00:00,2359.83,2360.67,2343.39,2349.96,175292.87,2026-03-17 02:59:59.999000+00:00,412176896.19508,307951,83788.595,197023616.35275
2026-03-17 03:00:00+00:00,2349.96,2354.85,2306.87,2319.11,561598.169,2026-03-17 03:59:59.999000+00:00,1304520265.3619,582714,274199.089,636819434.59563
2026-03-17 04:00:00+00:00,2319.12,2329.0,2292.57,2310.27,428905.121,2026-03-17 04:59:59.999000+00:00,991958444.24349,484833,208405.67,482233600.20784
2026-03-17 05:00:00+00:00,2310.27,2317.69,2296.67,2306.3,179559.702,2026-03-17 05:59:59.999000+00:00,414379290.79578,346839,82056.972,189394192.40546
2026-03-17 06:00:00+00:00,2306.29,2324.54,2297.21,2314.25,193162.132,2026-03-17 06:59:59.999000+00:00,446713941.23754,339560,98556.455,227999437.88863
2026-03-17 07:00:00+00:00,2314.26,2337.5,2314.21,2326.75,181336.733,2026-03-17 07:59:59.999000+00:00,422353758.9931,285742,98045.571,228371013.81898
2026-03-17 08:00:00+00:00,2326.74,2334.73,2314.1,2319.52,171350.764,2026-03-17 08:59:59.999000+00:00,398216939.01542,312514,79299.749,184334549.00133
2026-03-17 09:00:00+00:00,2319.52,2328.87,2305.0,2314.67,261142.338,2026-03-17 09:59:59.999000+00:00,604855320.62929,363114,125293.166,290259884.55537
2026-03-17 10:00:00+00:00,2314.67,2315.99,2301.04,2311.87,166088.999,2026-03-17 10:59:59.999000+00:00,383696607.07313,278342,89476.085,206741608.773
2026-03-17 11:00:00+00:00,2311.87,2332.22,2310.56,2325.75,187098.981,2026-03-17 11:59:59.999000+00:00,435061767.75555,278450,101580.518,236218701.22884
2026-03-17 12:00:00+00:00,2325.75,2334.43,2311.72,2314.63,185179.697,2026-03-17 12:59:59.999000+00:00,429925859.90065,334121,95367.41,221415532.4691
2026-03-17 13:00:00+00:00,2314.62,2345.19,2312.31,2327.6,368883.221,2026-03-17 13:59:59.999000+00:00,859029254.26813,576269,184253.003,429073333.41025
2026-03-17 14:00:00+00:00,2327.6,2347.82,2316.88,2342.33,271713.186,2026-03-17 14:59:59.999000+00:00,634687986.56247,579233,134167.628,313412226.7157
2026-03-17 15:00:00+00:00,2342.34,2356.66,2303.0,2314.69,458417.061,2026-03-17 15:59:59.999000+00:00,1066083376.26562,700185,228154.343,530698606.96087
2026-03-17 16:00:00+00:00,2314.68,2335.81,2311.07,2325.72,204472.356,2026-03-17 16:59:59.999000+00:00,475380974.02544,413459,101995.463,237125272.66933
2026-03-17 17:00:00+00:00,2325.71,2341.83,2319.07,2338.93,143196.383,2026-03-17 17:59:59.999000+00:00,333959212.39271,290856,69885.297,162999356.59288
2026-03-17 18:00:00+00:00,2338.93,2341.66,2327.01,2331.96,109652.947,2026-03-17 18:59:59.999000+00:00,256130407.60984,235201,49492.912,115607126.31371
2026-03-17 19:00:00+00:00,2331.96,2338.99,2315.61,2319.1,122695.101,2026-03-17 19:59:59.999000+00:00,285508929.7439,219839,58885.711,137021799.20848
2026-03-17 20:00:00+00:00,2319.09,2329.15,2316.26,2326.66,84197.153,2026-03-17 20:59:59.999000+00:00,195578187.32635,134098,44010.672,102236707.77015
2026-03-17 21:00:00+00:00,2326.66,2345.0,2326.65,2337.16,97284.919,2026-03-17 21:59:59.999000+00:00,227384032.76335,142904,53200.847,124367220.85959
2026-03-17 22:00:00+00:00,2337.16,2341.09,2317.2,2328.41,84841.134,2026-03-17 22:59:59.999000+00:00,197477206.07688,173069,43236.185,100642823.19052
2026-03-17 23:00:00+00:00,2328.41,2332.15,2315.51,2316.45,86004.697,2026-03-17 23:59:59.999000+00:00,199841142.77026,146695,46499.631,108047426.37076
2026-03-18 00:00:00+00:00,2316.45,2324.77,2305.6,2323.27,153864.583,2026-03-18 00:59:59.999000+00:00,356144030.83457,275298,75928.439,175790797.90669
2026-03-18 01:00:00+00:00,2323.27,2334.15,2321.71,2323.81,110568.412,2026-03-18 01:59:59.999000+00:00,257335552.49055,208521,54668.173,127241749.03921
2026-03-18 02:00:00+00:00,2323.82,2340.93,2323.3,2330.04,110257.13,2026-03-18 02:59:59.999000+00:00,257280318.57008,179935,58095.923,135563004.26117
2026-03-18 03:00:00+00:00,2330.05,2349.99,2327.11,2339.6,190329.584,2026-03-18 03:59:59.999000+00:00,445289309.41795,239292,97854.334,228953286.23377
2026-03-18 04:00:00+00:00,2339.61,2341.0,2325.12,2326.33,99591.689,2026-03-18 04:59:59.999000+00:00,232274459.70491,148243,43975.675,102554691.4874
2026-03-18 05:00:00+00:00,2326.32,2329.99,2312.88,2317.52,174736.383,2026-03-18 05:59:59.999000+00:00,405726203.03339,191181,78689.431,182714132.73745
2026-03-18 06:00:00+00:00,2317.53,2330.55,2317.13,2321.52,135748.766,2026-03-18 06:59:59.999000+00:00,315383592.5775,148147,74525.44,173139339.13444
2026-03-18 07:00:00+00:00,2321.53,2322.45,2310.07,2316.6,113764.921,2026-03-18 07:59:59.999000+00:00,263490729.19856,149221,59481.144,137767210.23464
2026-03-18 08:00:00+00:00,2316.6,2324.75,2316.09,2321.61,75006.225,2026-03-18 08:59:59.999000+00:00,174045162.53355,149670,40392.814,93725212.76907
2026-03-18 09:00:00+00:00,2321.62,2332.98,2320.32,2328.12,98014.49,2026-03-18 09:59:59.999000+00:00,228163722.06609,143763,49699.634,115691490.42924
2026-03-18 10:00:00+00:00,2328.12,2330.88,2305.08,2311.68,191917.993,2026-03-18 10:59:59.999000+00:00,444386739.42335,214824,89209.123,206584903.04684
2026-03-18 11:00:00+00:00,2311.68,2318.43,2262.01,2268.1,871709.877,2026-03-18 11:59:59.999000+00:00,1989081676.2447,811736,385260.473,878859181.88046
2026-03-18 12:00:00+00:00,2268.11,2269.74,2234.1,2236.48,676849.691,2026-03-18 12:59:59.999000+00:00,1522376026.13108,798403,331332.563,745234519.99637
2026-03-18 13:00:00+00:00,2236.49,2243.87,2221.23,2234.66,505111.427,2026-03-18 13:59:59.999000+00:00,1128648509.88269,691066,251183.621,561316656.94138
2026-03-18 14:00:00+00:00,2234.65,2236.19,2185.0,2189.1,772502.224,2026-03-18 14:59:59.999000+00:00,1706228920.59689,814817,357261.195,789344542.33959
2026-03-18 15:00:00+00:00,2189.09,2194.98,2168.0,2186.25,726857.103,2026-03-18 15:59:59.999000+00:00,1586020258.27042,784307,353641.04,771770501.61185
2026-03-18 16:00:00+00:00,2186.25,2190.0,2163.03,2180.0,373791.507,2026-03-18 16:59:59.999000+00:00,813742680.35097,500750,189620.763,412884141.6932
2026-03-18 17:00:00+00:00,2180.01,2210.65,2175.83,2202.59,359420.871,2026-03-18 17:59:59.999000+00:00,789249485.04314,457735,203404.942,446769334.24504
2026-03-18 18:00:00+00:00,2202.59,2219.0,2174.55,2180.26,479021.705,2026-03-18 18:59:59.999000+00:00,1053006989.1566,766695,231352.617,508823402.99068
2026-03-18 19:00:00+00:00,2180.26,2196.15,2176.3,2184.91,173762.454,2026-03-18 19:59:59.999000+00:00,380107931.82921,347567,84780.236,185458676.38693
2026-03-18 20:00:00+00:00,2184.9,2195.14,2150.7,2186.41,382310.938,2026-03-18 20:59:59.999000+00:00,830435209.08458,449180,192495.528,418287360.78506
2026-03-18 21:00:00+00:00,2186.41,2205.9,2184.54,2201.55,127886.39,2026-03-18 21:59:59.999000+00:00,280881027.86679,192069,65354.601,143558561.87169
2026-03-18 22:00:00+00:00,2201.55,2202.48,2185.59,2193.43,100605.204,2026-03-18 22:59:59.999000+00:00,220520700.80809,183340,47051.582,103115512.99719
2026-03-18 23:00:00+00:00,2193.44,2205.9,2187.88,2201.95,121372.858,2026-03-18 23:59:59.999000+00:00,266734904.65191,217135,58136.202,127770452.93256
2026-03-19 00:00:00+00:00,2201.96,2208.15,2189.41,2192.11,128020.583,2026-03-19 00:59:59.999000+00:00,281275927.37071,252889,61954.012,136129748.06466
2026-03-19 01:00:00+00:00,2192.1,2200.89,2186.12,2195.69,96256.622,2026-03-19 01:59:59.999000+00:00,211162477.55597,214662,53202.04,116724052.57938
2026-03-19 02:00:00+00:00,2195.7,2203.87,2187.58,2195.59,87466.988,2026-03-19 02:59:59.999000+00:00,192231862.4079,191428,47108.713,103537662.1272
2026-03-19 03:00:00+00:00,2195.6,2232.64,2195.6,2210.87,361734.706,2026-03-19 03:59:59.999000+00:00,802130507.33176,411715,199844.888,443102441.83025
2026-03-19 04:00:00+00:00,2210.86,2212.0,2188.59,2192.49,172452.755,2026-03-19 04:59:59.999000+00:00,379018700.46491,291476,80476.074,176884260.04519
2026-03-19 05:00:00+00:00,2192.49,2197.56,2185.3,2188.01,100216.414,2026-03-19 05:59:59.999000+00:00,219505032.41454,199140,46905.438,102747221.29518
2026-03-19 06:00:00+00:00,2188.01,2194.8,2176.61,2179.73,202254.388,2026-03-19 06:59:59.999000+00:00,441649047.08893,300270,89534.266,195559626.69451
2026-03-19 07:00:00+00:00,2179.72,2181.51,2141.79,2165.27,655742.152,2026-03-19 07:59:59.999000+00:00,1417402529.43142,733775,287425.536,621301336.30621
2026-03-19 08:00:00+00:00,2165.27,2169.96,2156.84,2159.64,182592.05,2026-03-19 08:59:59.999000+00:00,394762500.31826,358571,93040.311,201164000.20662
2026-03-19 09:00:00+00:00,2159.63,2189.8,2159.43,2188.22,304665.209,2026-03-19 09:59:59.999000+00:00,663628340.46025,439363,174538.632,380200884.98956
2026-03-19 10:00:00+00:00,2188.22,2191.99,2171.28,2171.72,142188.541,2026-03-19 10:59:59.999000+00:00,310054969.1312,222100,68563.53,149535391.23147
2026-03-19 11:00:00+00:00,2171.73,2176.67,2164.55,2166.0,139041.585,2026-03-19 11:59:59.999000+00:00,301666682.40496,212283,70178.678,152262545.04846
2026-03-19 12:00:00+00:00,2165.99,2166.58,2128.45,2131.34,482819.319,2026-03-19 12:59:59.999000+00:00,1036396483.64883,502309,213275.329,457826228.78243
2026-03-19 13:00:00+00:00,2131.35,2142.47,2106.9,2136.67,756038.785,2026-03-19 13:59:59.999000+00:00,1607714361.77161,939835,366345.176,779337818.97476
2026-03-19 14:00:00+00:00,2136.68,2146.5,2101.0,2120.6,524967.847,2026-03-19 14:59:59.999000+00:00,1112368946.26152,749397,265903.62,563506410.09787
2026-03-19 15:00:00+00:00,2120.6,2135.89,2098.02,2117.62,449763.997,2026-03-19 15:59:59.999000+00:00,951875088.83968,687798,222523.259,471028469.35633
2026-03-19 16:00:00+00:00,2117.63,2121.7,2105.28,2113.95,329547.826,2026-03-19 16:59:59.999000+00:00,696095511.83309,472902,161240.538,340593920.5807
2026-03-19 17:00:00+00:00,2113.96,2130.98,2103.43,2126.09,231286.325,2026-03-19 17:59:59.999000+00:00,490045825.29796,380637,126501.561,268071434.92764
2026-03-19 18:00:00+00:00,2126.09,2128.55,2113.01,2123.98,100790.734,2026-03-19 18:59:59.999000+00:00,213702412.91722,214050,51932.164,110098843.73887
2026-03-19 19:00:00+00:00,2123.98,2155.9,2123.67,2139.99,376687.132,2026-03-19 19:59:59.999000+00:00,807274718.02451,597460,204975.321,439329834.30767
2026-03-19 20:00:00+00:00,2139.99,2151.75,2138.18,2145.03,102671.384,2026-03-19 20:59:59.999000+00:00,220124564.60289,168521,45369.986,97274387.36359
2026-03-19 21:00:00+00:00,2145.03,2154.43,2143.34,2148.68,91777.743,2026-03-19 21:59:59.999000+00:00,197193173.31657,149217,37719.662,81045834.04217
2026-03-19 22:00:00+00:00,2148.68,2151.27,2131.13,2139.05,119076.124,2026-03-19 22:59:59.999000+00:00,254945123.10396,211301,46821.139,100237160.50033
2026-03-19 23:00:00+00:00,2139.05,2146.36,2129.37,2136.56,94649.699,2026-03-19 23:59:59.999000+00:00,202355471.1325,203793,46219.521,98836809.95357
2026-03-20 00:00:00+00:00,2136.56,2148.0,2133.35,2144.5,92451.144,2026-03-20 00:59:59.999000+00:00,198098970.76506,213110,47961.794,102784892.32717
2026-03-20 01:00:00+00:00,2144.51,2159.67,2143.63,2149.76,133021.299,2026-03-20 01:59:59.999000+00:00,286344392.15256,253368,70524.449,151835912.00577
2026-03-20 02:00:00+00:00,2149.76,2150.71,2131.07,2143.31,135866.488,2026-03-20 02:59:59.999000+00:00,290834414.33261,227511,61538.827,131744193.2032
2026-03-20 03:00:00+00:00,2143.31,2156.0,2142.17,2150.2,94761.501,2026-03-20 03:59:59.999000+00:00,203742909.578,184031,49911.175,107309072.5426
2026-03-20 04:00:00+00:00,2150.2,2158.53,2138.01,2147.27,127562.668,2026-03-20 04:59:59.999000+00:00,273937023.94133,197624,64529.097,138591574.9028
2026-03-20 05:00:00+00:00,2147.27,2151.69,2136.15,2139.33,104940.981,2026-03-20 05:59:59.999000+00:00,224938042.21984,176331,48785.761,104585812.30366
2026-03-20 06:00:00+00:00,2139.32,2140.8,2130.42,2135.65,108137.558,2026-03-20 06:59:59.999000+00:00,230986029.10275,184731,51308.926,109610595.67693
2026-03-20 07:00:00+00:00,2135.65,2152.6,2120.04,2149.3,281373.948,2026-03-20 07:59:59.999000+00:00,601524988.2346,330277,146899.762,314214325.20412
2026-03-20 08:00:00+00:00,2149.3,2175.64,2145.13,2162.74,331691.87,2026-03-20 08:59:59.999000+00:00,717760400.44189,442462,183618.034,397337618.07038
2026-03-20 09:00:00+00:00,2162.74,2162.91,2133.65,2140.18,241111.398,2026-03-20 09:59:59.999000+00:00,517399827.54624,369624,106771.38,229135107.52736
2026-03-20 10:00:00+00:00,2140.18,2150.29,2130.23,2147.09,171332.754,2026-03-20 10:59:59.999000+00:00,366580713.33707,260842,89039.31,190542102.57087
2026-03-20 11:00:00+00:00,2147.09,2157.67,2133.23,2140.37,184080.741,2026-03-20 11:59:59.999000+00:00,394884428.00184,243353,88201.252,189272181.33687
2026-03-20 12:00:00+00:00,2140.36,2151.99,2133.92,2139.96,142561.527,2026-03-20 12:59:59.999000+00:00,305470660.7956,245267,75862.701,162578548.67959
2026-03-20 13:00:00+00:00,2139.96,2152.0,2121.93,2126.27,356678.968,2026-03-20 13:59:59.999000+00:00,761343646.04129,574859,173355.368,370149970.32956
2026-03-20 14:00:00+00:00,2126.26,2148.0,2114.2,2128.15,537858.479,2026-03-20 14:59:59.999000+00:00,1146114366.1462,735965,288430.418,614742413.83564
2026-03-20 15:00:00+00:00,2128.15,2137.88,2119.11,2133.09,224351.734,2026-03-20 15:59:59.999000+00:00,477450308.00966,438575,109573.951,233277133.89621
2026-03-20 16:00:00+00:00,2133.09,2144.0,2129.48,2136.32,147566.028,2026-03-20 16:59:59.999000+00:00,315315238.38676,299843,74069.169,158276302.08935
2026-03-20 17:00:00+00:00,2136.33,2140.25,2118.31,2135.91,202766.731,2026-03-20 17:59:59.999000+00:00,431869887.51972,325938,102666.047,218736767.75634
2026-03-20 18:00:00+00:00,2135.92,2136.71,2116.36,2122.39,181326.101,2026-03-20 18:59:59.999000+00:00,385479601.75622,338456,88262.757,187628080.59948
2026-03-20 19:00:00+00:00,2122.4,2133.93,2116.28,2132.1,150155.849,2026-03-20 19:59:59.999000+00:00,319114084.58871,311267,74979.314,159365639.85006
2026-03-20 20:00:00+00:00,2132.1,2135.99,2122.9,2132.1,106954.324,2026-03-20 20:59:59.999000+00:00,227802253.76906,157153,53218.525,113356430.1187
2026-03-20 21:00:00+00:00,2132.09,2157.61,2129.59,2146.7,190853.808,2026-03-20 21:59:59.999000+00:00,409479376.20352,212713,104746.355,224694467.2425
2026-03-20 22:00:00+00:00,2146.69,2167.53,2146.69,2153.52,144083.681,2026-03-20 22:59:59.999000+00:00,311051995.38468,208036,81304.695,175556001.89338
2026-03-20 23:00:00+00:00,2153.52,2154.68,2141.89,2145.08,73684.071,2026-03-20 23:59:59.999000+00:00,158173326.52654,130021,33306.429,71490302.52723
2026-03-21 00:00:00+00:00,2145.08,2155.78,2142.88,2152.46,75087.142,2026-03-21 00:59:59.999000+00:00,161430177.35665,128209,41624.036,89492504.93944
2026-03-21 01:00:00+00:00,2152.46,2159.0,2146.0,2146.62,66852.349,2026-03-21 01:59:59.999000+00:00,143876625.99366,113743,30433.044,65508953.98281
2026-03-21 02:00:00+00:00,2146.62,2155.54,2145.13,2154.08,43125.017,2026-03-21 02:59:59.999000+00:00,92736046.58783,85765,22983.149,49428505.34883
2026-03-21 03:00:00+00:00,2154.08,2155.0,2149.77,2152.41,29634.75,2026-03-21 03:59:59.999000+00:00,63779215.26847,57025,14358.72,30903631.3176
2026-03-21 04:00:00+00:00,2152.4,2157.41,2149.06,2150.82,61018.458,2026-03-21 04:59:59.999000+00:00,131378916.29257,82820,30174.62,64973251.43279
2026-03-21 05:00:00+00:00,2150.82,2156.94,2150.81,2152.14,41392.494,2026-03-21 05:59:59.999000+00:00,89146108.58764,62961,20508.962,44170153.40884
2026-03-21 06:00:00+00:00,2152.14,2155.25,2151.03,2154.6,31563.026,2026-03-21 06:59:59.999000+00:00,67963395.80536,49682,17088.535,36798389.39198
2026-03-21 07:00:00+00:00,2154.59,2160.71,2152.42,2154.4,56779.44,2026-03-21 07:59:59.999000+00:00,122459970.88793,73760,27950.915,60287844.80712
2026-03-21 08:00:00+00:00,2154.4,2156.17,2148.45,2153.0,61019.009,2026-03-21 08:59:59.999000+00:00,131314047.70422,71380,28042.192,60355199.11764
2026-03-21 09:00:00+00:00,2153.0,2158.0,2152.73,2157.5,53850.331,2026-03-21 09:59:59.999000+00:00,116090623.39166,63737,27099.608,58421127.41476
2026-03-21 10:00:00+00:00,2157.49,2158.16,2151.89,2153.19,47419.656,2026-03-21 10:59:59.999000+00:00,102157593.75987,58198,22924.794,49387935.87718
2026-03-21 11:00:00+00:00,2153.19,2156.92,2151.78,2156.53,37734.952,2026-03-21 11:59:59.999000+00:00,81300110.67016,50059,23096.104,49761069.10754
2026-03-21 12:00:00+00:00,2156.54,2159.86,2155.75,2156.97,51309.439,2026-03-21 12:59:59.999000+00:00,110708456.94081,63321,29234.637,63079980.48884
2026-03-21 13:00:00+00:00,2156.96,2159.0,2153.83,2154.89,36546.352,2026-03-21 13:59:59.999000+00:00,78784495.5695,52807,17731.34,38225496.41225
2026-03-21 14:00:00+00:00,2154.9,2168.0,2149.09,2151.08,162658.546,2026-03-21 14:59:59.999000+00:00,351191631.14095,181551,85412.974,184447471.87553
2026-03-21 15:00:00+00:00,2151.08,2156.87,2145.0,2154.25,127940.903,2026-03-21 15:59:59.999000+00:00,275189630.14399,138567,60328.432,129770302.01355
2026-03-21 16:00:00+00:00,2154.25,2154.61,2143.27,2145.61,83258.363,2026-03-21 16:59:59.999000+00:00,178920764.85399,107646,33705.222,72429992.57508
2026-03-21 17:00:00+00:00,2145.6,2149.68,2140.15,2147.22,54925.151,2026-03-21 17:59:59.999000+00:00,117848954.03221,79641,27660.669,59361066.47853
2026-03-21 18:00:00+00:00,2147.22,2154.66,2146.47,2150.1,50956.164,2026-03-21 18:59:59.999000+00:00,109619728.4666,64527,28789.737,61936291.11536
2026-03-21 19:00:00+00:00,2150.11,2152.25,2148.07,2151.19,18769.311,2026-03-21 19:59:59.999000+00:00,40359157.67853,38521,9517.99,20467223.54964
2026-03-21 20:00:00+00:00,2151.19,2155.75,2149.4,2154.57,51397.235,2026-03-21 20:59:59.999000+00:00,110679496.16171,59312,26765.999,57644055.71116
2026-03-21 21:00:00+00:00,2154.57,2156.12,2151.1,2152.67,28353.91,2026-03-21 21:59:59.999000+00:00,61068810.32848,46370,14331.952,30868809.98065
2026-03-21 22:00:00+00:00,2152.66,2152.69,2148.24,2148.77,30030.645,2026-03-21 22:59:59.999000+00:00,64573350.07318,50335,13206.135,28397772.10083
2026-03-21 23:00:00+00:00,2148.78,2148.99,2068.78,2083.37,586445.903,2026-03-21 23:59:59.999000+00:00,1234655820.35288,631534,235152.219,494699492.77107
2026-03-22 00:00:00+00:00,2083.37,2094.0,2045.57,2086.25,598103.935,2026-03-22 00:59:59.999000+00:00,1238827821.34252,899770,291868.875,604968053.95992
2026-03-22 01:00:00+00:00,2086.25,2093.1,2080.55,2089.99,147864.534,2026-03-22 01:59:59.999000+00:00,308640181.98907,265019,73297.455,153016409.30074
2026-03-22 02:00:00+00:00,2089.99,2108.68,2086.6,2101.15,171769.69,2026-03-22 02:59:59.999000+00:00,360505960.11919,261884,89805.015,188495663.67176
2026-03-22 03:00:00+00:00,2101.16,2126.38,2096.98,2112.84,208578.162,2026-03-22 03:59:59.999000+00:00,441029991.62482,312938,116340.898,245999324.04152
2026-03-22 04:00:00+00:00,2112.83,2122.16,2105.22,2118.39,179646.951,2026-03-22 04:59:59.999000+00:00,379991463.15808,259461,100899.128,213447673.49223
2026-03-22 05:00:00+00:00,2118.39,2120.0,2111.36,2112.01,97740.764,2026-03-22 05:59:59.999000+00:00,206788665.3327,150051,52046.736,110124547.26843
2026-03-22 06:00:00+00:00,2112.02,2112.59,2106.5,2107.58,76199.774,2026-03-22 06:59:59.999000+00:00,160724756.90785,126055,37059.987,78172037.66358
2026-03-22 07:00:00+00:00,2107.57,2111.28,2091.39,2092.82,164555.287,2026-03-22 07:59:59.999000+00:00,345708299.00857,200583,64554.106,135664905.22994
2026-03-22 08:00:00+00:00,2092.82,2095.0,2072.78,2085.29,319960.994,2026-03-22 08:59:59.999000+00:00,666731112.98963,421362,140818.849,293461626.3184
2026-03-22 09:00:00+00:00,2085.28,2096.73,2078.03,2083.82,139591.788,2026-03-22 09:59:59.999000+00:00,291137099.95962,197825,71064.514,148231503.72657
2026-03-22 10:00:00+00:00,2083.82,2085.9,2075.78,2080.13,72169.219,2026-03-22 10:59:59.999000+00:00,150141506.03284,124733,33363.869,69422521.06044
2026-03-22 11:00:00+00:00,2080.12,2082.84,2065.21,2068.97,172972.332,2026-03-22 11:59:59.999000+00:00,358598083.41447,247637,82536.364,171126535.12271
2026-03-22 12:00:00+00:00,2068.96,2087.3,2066.87,2081.38,178681.394,2026-03-22 12:59:59.999000+00:00,371313610.40543,241136,101607.92,211169908.24658
2026-03-22 13:00:00+00:00,2081.38,2092.6,2070.83,2077.58,167062.81,2026-03-22 13:59:59.999000+00:00,347905084.07081,226037,87904.621,183107137.36857
2026-03-22 14:00:00+00:00,2077.58,2084.31,2070.47,2076.98,109558.74,2026-03-22 14:59:59.999000+00:00,227680263.5033,168766,55546.85,115452928.74715
2026-03-22 15:00:00+00:00,2076.97,2083.5,2074.58,2081.96,90044.67,2026-03-22 15:59:59.999000+00:00,187222738.1894,143229,48428.815,100694980.90692
2026-03-22 16:00:00+00:00,2081.97,2083.56,2076.6,2080.96,58679.586,2026-03-22 16:59:59.999000+00:00,122062473.51005,105792,29553.81,61477304.0904
2026-03-22 17:00:00+00:00,2080.96,2083.48,2076.18,2078.46,48369.673,2026-03-22 17:59:59.999000+00:00,100623975.43604,97505,24221.466,50387271.4074
2026-03-22 18:00:00+00:00,2078.46,2079.54,2054.29,2070.94,171307.229,2026-03-22 18:59:59.999000+00:00,354042449.10916,232447,78671.288,162602764.33586
2026-03-22 19:00:00+00:00,2070.93,2071.88,2053.01,2062.0,134263.178,2026-03-22 19:59:59.999000+00:00,276702807.43142,227182,62954.696,129758781.91674
2026-03-22 20:00:00+00:00,2062.0,2071.31,2054.73,2057.56,95643.006,2026-03-22 20:59:59.999000+00:00,197290461.59956,166736,49556.143,102251232.48113
2026-03-22 21:00:00+00:00,2057.55,2059.55,2024.11,2044.83,407089.49,2026-03-22 21:59:59.999000+00:00,829966236.93083,529255,196305.475,400325886.90372
2026-03-22 22:00:00+00:00,2044.83,2064.84,2031.14,2061.73,233540.645,2026-03-22 22:59:59.999000+00:00,478890911.97132,431465,126384.28,259187455.8728
2026-03-22 23:00:00+00:00,2061.74,2074.71,2050.01,2052.85,170972.447,2026-03-22 23:59:59.999000+00:00,352543642.89672,286762,86511.122,178462776.53434
2026-03-23 00:00:00+00:00,2052.86,2062.22,2034.38,2042.51,237689.047,2026-03-23 00:59:59.999000+00:00,486743445.50535,459865,120265.027,246371348.41782
2026-03-23 01:00:00+00:00,2042.51,2061.75,2038.4,2046.62,150855.009,2026-03-23 01:59:59.999000+00:00,309704206.36441,337198,80579.331,165421063.52749
2026-03-23 02:00:00+00:00,2046.63,2070.83,2045.55,2062.35,189359.86,2026-03-23 02:59:59.999000+00:00,389789577.80507,321657,115656.529,238072350.67736
2026-03-23 03:00:00+00:00,2062.35,2071.92,2050.64,2051.55,105153.818,2026-03-23 03:59:59.999000+00:00,216570199.89769,229276,52488.193,108130737.05028
2026-03-23 04:00:00+00:00,2051.55,2066.0,2049.54,2064.72,95688.605,2026-03-23 04:59:59.999000+00:00,196765387.36297,198502,47748.483,98230570.26171
2026-03-23 05:00:00+00:00,2064.71,2071.3,2059.62,2068.28,135910.505,2026-03-23 05:59:59.999000+00:00,280798321.30239,246468,72640.549,150103632.29532
2026-03-23 06:00:00+00:00,2068.27,2068.27,2026.59,2036.2,335242.567,2026-03-23 06:59:59.999000+00:00,684538733.63595,453804,153116.294,312621398.17273
2026-03-23 07:00:00+00:00,2036.2,2049.34,2021.58,2043.65,269882.237,2026-03-23 07:59:59.999000+00:00,549515808.93615,485446,133097.9,271097048.29716
2026-03-23 08:00:00+00:00,2043.65,2058.45,2042.3,2046.85,161903.927,2026-03-23 08:59:59.999000+00:00,332128215.30427,333452,85799.757,176016237.63588
2026-03-23 09:00:00+00:00,2046.85,2048.08,2027.57,2042.63,201602.83,2026-03-23 09:59:59.999000+00:00,410773507.8846,297527,92815.264,189156355.37257
2026-03-23 10:00:00+00:00,2042.63,2053.3,2039.13,2047.83,144610.331,2026-03-23 10:59:59.999000+00:00,295832420.36114,235221,84884.533,173650648.96866
2026-03-23 11:00:00+00:00,2047.84,2199.0,2047.84,2133.89,2331140.717,2026-03-23 11:59:59.999000+00:00,5010257488.05219,2510206,1265195.998,2716432975.52915
2026-03-23 12:00:00+00:00,2133.9,2147.38,2105.39,2143.0,785428.735,2026-03-23 12:59:59.999000+00:00,1669131683.22156,1057594,362159.952,769917772.14422
2026-03-23 13:00:00+00:00,2143.0,2188.77,2139.06,2184.74,636024.952,2026-03-23 13:59:59.999000+00:00,1376866227.7717,1049779,365262.195,791221609.39404
2026-03-23 14:00:00+00:00,2184.74,2192.54,2168.0,2180.37,447210.211,2026-03-23 14:59:59.999000+00:00,975133800.26136,791134,232525.708,507136910.30148
2026-03-23 15:00:00+00:00,2180.37,2187.7,2123.04,2127.55,562456.193,2026-03-23 15:59:59.999000+00:00,1210569196.00709,738286,248135.113,534108331.60292
2026-03-23 16:00:00+00:00,2127.54,2141.55,2116.0,2134.82,525471.479,2026-03-23 16:59:59.999000+00:00,1118809796.83605,782352,241449.545,514201621.06439
2026-03-23 17:00:00+00:00,2134.82,2157.98,2123.13,2151.45,253333.554,2026-03-23 17:59:59.999000+00:00,542864199.6104,488225,129758.347,278165551.67934
2026-03-23 18:00:00+00:00,2151.45,2171.3,2144.13,2167.68,250995.64,2026-03-23 18:59:59.999000+00:00,541498349.177,413803,135043.907,291500577.87185
2026-03-23 19:00:00+00:00,2167.68,2179.0,2148.66,2153.37,190016.091,2026-03-23 19:59:59.999000+00:00,411195355.63418,320201,96229.613,208320987.09928
2026-03-23 20:00:00+00:00,2153.36,2165.87,2149.49,2160.51,75906.311,2026-03-23 20:59:59.999000+00:00,163847352.6603,133979,40117.594,86596152.14499
2026-03-23 21:00:00+00:00,2160.52,2162.75,2153.52,2156.96,48597.2,2026-03-23 21:59:59.999000+00:00,104883121.68393,85926,26097.53,56323103.07689
2026-03-23 22:00:00+00:00,2156.96,2158.74,2142.51,2151.61,78680.826,2026-03-23 22:59:59.999000+00:00,169102376.7828,173327,36677.485,78835820.41536
2026-03-23 23:00:00+00:00,2151.6,2154.58,2139.06,2151.01,80348.653,2026-03-23 23:59:59.999000+00:00,172482974.2766,190718,41020.881,88078097.43634
2026-03-24 00:00:00+00:00,2151.0,2155.36,2127.62,2142.0,187200.506,2026-03-24 00:59:59.999000+00:00,400873137.93335,349866,89358.723,191426888.93338
2026-03-24 01:00:00+00:00,2142.0,2148.87,2122.78,2136.58,167419.431,2026-03-24 01:59:59.999000+00:00,357578155.50372,335066,78420.766,167528088.98788
2026-03-24 02:00:00+00:00,2136.58,2144.96,2131.11,2134.87,88593.388,2026-03-24 02:59:59.999000+00:00,189340190.30532,238407,45223.963,96659474.3427
2026-03-24 03:00:00+00:00,2134.87,2142.56,2129.41,2140.4,92262.474,2026-03-24 03:59:59.999000+00:00,197077146.28067,182570,47157.871,100744429.46556
2026-03-24 04:00:00+00:00,2140.41,2152.49,2130.7,2135.22,117002.719,2026-03-24 04:59:59.999000+00:00,250423598.22611,213800,59659.229,127705486.97265
2026-03-24 05:00:00+00:00,2135.23,2137.73,2127.82,2132.81,112204.333,2026-03-24 05:59:59.999000+00:00,239197627.01099,209429,56755.828,121002885.78169
2026-03-24 06:00:00+00:00,2132.81,2145.41,2130.67,2144.21,105347.056,2026-03-24 06:59:59.999000+00:00,225384648.35111,173611,60643.464,129746101.59445
2026-03-24 07:00:00+00:00,2144.2,2169.9,2143.0,2164.33,331928.725,2026-03-24 07:59:59.999000+00:00,716240306.32238,416505,184124.181,397321920.14749
2026-03-24 08:00:00+00:00,2164.34,2166.5,2151.05,2153.88,158419.034,2026-03-24 08:59:59.999000+00:00,341974382.82349,277019,80889.433,174616199.06609
2026-03-24 09:00:00+00:00,2153.87,2166.2,2146.01,2163.68,154258.937,2026-03-24 09:59:59.999000+00:00,332531283.40387,219725,75554.797,162897706.08831
2026-03-24 10:00:00+00:00,2163.68,2163.77,2154.0,2160.26,86071.361,2026-03-24 10:59:59.999000+00:00,185829238.55286,165602,41767.138,90180041.97798
2026-03-24 11:00:00+00:00,2160.26,2174.71,2150.63,2164.75,231796.155,2026-03-24 11:59:59.999000+00:00,501574376.41924,322545,118040.756,255472132.55295
2026-03-24 12:00:00+00:00,2164.74,2169.37,2157.5,2161.39,128078.69,2026-03-24 12:59:59.999000+00:00,276950921.96107,219201,64305.045,139056231.6601
2026-03-24 13:00:00+00:00,2161.39,2164.75,2129.0,2137.34,443396.549,2026-03-24 13:59:59.999000+00:00,950657769.67474,682241,206763.746,443334966.00938
2026-03-24 14:00:00+00:00,2137.34,2147.48,2117.71,2133.15,451874.732,2026-03-24 14:59:59.999000+00:00,963388000.13429,779228,227356.531,484854180.28288
2026-03-24 15:00:00+00:00,2133.15,2146.55,2130.06,2134.13,220225.294,2026-03-24 15:59:59.999000+00:00,470792270.48309,434924,107489.351,229807792.94467
2026-03-24 16:00:00+00:00,2134.13,2139.88,2120.0,2126.6,221317.523,2026-03-24 16:59:59.999000+00:00,471264014.87881,365070,114150.918,243093305.67766
2026-03-24 17:00:00+00:00,2126.59,2128.09,2102.0,2108.38,399023.422,2026-03-24 17:59:59.999000+00:00,842670650.7099,533206,183075.909,386633156.91175
2026-03-24 18:00:00+00:00,2108.38,2127.62,2103.52,2118.05,219472.769,2026-03-24 18:59:59.999000+00:00,464325092.79984,327498,118657.765,251054302.40607
2026-03-24 19:00:00+00:00,2118.05,2127.19,2113.23,2115.96,99074.916,2026-03-24 19:59:59.999000+00:00,210022395.49593,190650,46335.092,98237917.49351
2026-03-24 20:00:00+00:00,2115.96,2154.36,2114.7,2147.63,345529.417,2026-03-24 20:59:59.999000+00:00,740114116.34396,484301,186296.985,398988687.03799
2026-03-24 21:00:00+00:00,2147.63,2150.96,2139.01,2147.84,100745.395,2026-03-24 21:59:59.999000+00:00,216091388.26963,167012,49505.178,106204932.27958
2026-03-24 22:00:00+00:00,2147.84,2154.99,2139.11,2144.25,111538.38,2026-03-24 22:59:59.999000+00:00,239462086.30466,206379,53695.196,115299417.71954
2026-03-24 23:00:00+00:00,2144.25,2162.9,2141.66,2155.29,138612.89,2026-03-24 23:59:59.999000+00:00,298897989.79452,208741,74552.398,160744064.76905
2026-03-25 00:00:00+00:00,2155.3,2168.0,2142.66,2160.64,184969.582,2026-03-25 00:59:59.999000+00:00,399114159.25328,266811,89231.951,192660444.89814
2026-03-25 01:00:00+00:00,2160.64,2166.08,2155.5,2155.5,98373.07,2026-03-25 01:59:59.999000+00:00,212494744.62186,192002,45672.46,98661175.77623
2026-03-25 02:00:00+00:00,2155.51,2160.6,2152.34,2154.58,89765.608,2026-03-25 02:59:59.999000+00:00,193514846.93472,160882,46576.649,100410349.06311
2026-03-25 03:00:00+00:00,2154.58,2159.88,2145.12,2157.5,128597.518,2026-03-25 03:59:59.999000+00:00,276822489.59617,163445,62340.307,134234908.68466
2026-03-25 04:00:00+00:00,2157.49,2167.09,2155.57,2165.22,93910.378,2026-03-25 04:59:59.999000+00:00,202959066.87168,130765,52263.615,112967007.23555
2026-03-25 05:00:00+00:00,2165.23,2179.72,2163.32,2167.78,216750.681,2026-03-25 05:59:59.999000+00:00,470740880.23623,241992,112044.747,243354329.93855
2026-03-25 06:00:00+00:00,2167.78,2172.0,2161.58,2162.46,119123.834,2026-03-25 06:59:59.999000+00:00,258144662.19931,154043,55635.593,120579024.00551
2026-03-25 07:00:00+00:00,2162.46,2176.66,2158.15,2163.7,141570.341,2026-03-25 07:59:59.999000+00:00,306700960.62503,169037,76333.427,165354897.01676
2026-03-25 08:00:00+00:00,2163.71,2189.99,2163.03,2175.31,288745.255,2026-03-25 08:59:59.999000+00:00,629165824.27856,337820,157884.525,344067843.86974
2026-03-25 09:00:00+00:00,2175.31,2188.0,2173.78,2185.25,152129.864,2026-03-25 09:59:59.999000+00:00,331732627.9231,188785,76668.403,167217465.9199
2026-03-25 10:00:00+00:00,2185.25,2187.51,2180.0,2184.02,116122.339,2026-03-25 10:59:59.999000+00:00,253610294.29124,164319,52265.51,114150290.71244
2026-03-25 11:00:00+00:00,2184.02,2200.11,2177.07,2185.01,348336.077,2026-03-25 11:59:59.999000+00:00,762866994.34733,351191,171454.132,375529263.95032
2026-03-25 12:00:00+00:00,2185.01,2194.29,2163.33,2182.26,475493.426,2026-03-25 12:59:59.999000+00:00,1035311434.5661,536467,224437.213,488715834.85178
2026-03-25 13:00:00+00:00,2182.27,2197.3,2178.2,2183.3,264735.634,2026-03-25 13:59:59.999000+00:00,579210654.18664,466162,132967.476,290952452.10017
2026-03-25 14:00:00+00:00,2183.31,2187.17,2172.06,2173.13,207866.811,2026-03-25 14:59:59.999000+00:00,452916846.96866,427972,98670.902,215002128.70869
2026-03-25 15:00:00+00:00,2173.14,2176.0,2145.59,2161.67,397346.478,2026-03-25 15:59:59.999000+00:00,858085135.55155,540012,185675.275,401001619.84119
2026-03-25 16:00:00+00:00,2161.68,2187.63,2155.08,2173.0,315478.203,2026-03-25 16:59:59.999000+00:00,685128365.98783,432808,170955.728,371314537.74275
2026-03-25 17:00:00+00:00,2173.01,2175.55,2159.19,2163.09,125917.447,2026-03-25 17:59:59.999000+00:00,272809094.28272,269723,63460.829,137499206.4795
2026-03-25 18:00:00+00:00,2163.08,2172.72,2156.46,2161.5,99480.089,2026-03-25 18:59:59.999000+00:00,215460912.29319,195915,51587.987,111742727.75019
2026-03-25 19:00:00+00:00,2161.5,2176.33,2158.57,2171.73,107353.814,2026-03-25 19:59:59.999000+00:00,232709511.4445,201784,61745.23,133823810.66922
2026-03-25 20:00:00+00:00,2171.73,2172.1,2158.01,2165.77,61984.272,2026-03-25 20:59:59.999000+00:00,134095976.60915,96865,28989.496,62723784.32949
2026-03-25 21:00:00+00:00,2165.78,2168.75,2160.04,2163.01,44867.337,2026-03-25 21:59:59.999000+00:00,97099032.51331,71919,22132.762,47905424.09457
2026-03-25 22:00:00+00:00,2163.0,2184.99,2160.63,2173.29,116225.144,2026-03-25 22:59:59.999000+00:00,252504839.06644,181835,66411.863,144297015.28147
2026-03-25 23:00:00+00:00,2173.29,2176.36,2163.63,2168.0,72350.852,2026-03-25 23:59:59.999000+00:00,156983414.60068,123400,34638.877,75154854.71309
2026-03-26 00:00:00+00:00,2168.0,2171.32,2161.21,2165.23,82764.894,2026-03-26 00:59:59.999000+00:00,179313368.52028,147293,46098.656,99879737.56656
2026-03-26 01:00:00+00:00,2165.23,2168.4,2158.89,2163.7,80463.969,2026-03-26 01:59:59.999000+00:00,174089565.08047,143803,39375.747,85194291.05556
2026-03-26 02:00:00+00:00,2163.7,2164.8,2142.15,2149.06,203806.127,2026-03-26 02:59:59.999000+00:00,438417760.55586,245068,96593.536,207742347.37132
2026-03-26 03:00:00+00:00,2149.05,2154.9,2143.73,2152.15,104283.217,2026-03-26 03:59:59.999000+00:00,224094158.55343,154360,51599.085,110893330.89077
2026-03-26 04:00:00+00:00,2152.15,2153.52,2146.55,2148.45,64312.573,2026-03-26 04:59:59.999000+00:00,138305627.794,92493,29559.11,63566159.76815
2026-03-26 05:00:00+00:00,2148.44,2149.91,2111.67,2118.63,486293.386,2026-03-26 05:59:59.999000+00:00,1035331776.22631,432733,199624.862,424976672.72764
2026-03-26 06:00:00+00:00,2118.63,2123.88,2110.72,2120.7,190829.22,2026-03-26 06:59:59.999000+00:00,404283519.69125,227412,99299.498,210384025.16224
2026-03-26 07:00:00+00:00,2120.71,2123.66,2112.0,2122.37,135744.753,2026-03-26 07:59:59.999000+00:00,287599923.49359,185398,67864.42,143805645.83813
2026-03-26 08:00:00+00:00,2122.36,2126.24,2113.0,2118.61,136320.341,2026-03-26 08:59:59.999000+00:00,288666266.68153,202191,66667.201,141195220.01457
2026-03-26 09:00:00+00:00,2118.61,2120.89,2073.0,2081.29,612128.371,2026-03-26 09:59:59.999000+00:00,1278853014.30314,512005,256457.75,535491374.97925
2026-03-26 10:00:00+00:00,2081.29,2082.39,2070.6,2077.38,212962.88,2026-03-26 10:59:59.999000+00:00,442373739.64543,258687,108150.403,224661858.81613
2026-03-26 11:00:00+00:00,2077.38,2080.32,2061.0,2067.33,266141.239,2026-03-26 11:59:59.999000+00:00,550667436.50039,286213,125458.175,259618869.51275
2026-03-26 12:00:00+00:00,2067.34,2074.3,2064.57,2072.13,148024.681,2026-03-26 12:59:59.999000+00:00,306367585.78317,202465,73296.002,151724748.90596
2026-03-26 13:00:00+00:00,2072.13,2093.64,2068.13,2080.07,428217.385,2026-03-26 13:59:59.999000+00:00,891497563.14752,502286,233684.553,486615650.09849
2026-03-26 14:00:00+00:00,2080.08,2084.85,2066.0,2075.05,245028.962,2026-03-26 14:59:59.999000+00:00,508676608.88537,437588,128937.99,267741442.56817
2026-03-26 15:00:00+00:00,2075.04,2077.12,2050.54,2069.43,392503.857,2026-03-26 15:59:59.999000+00:00,810236974.42389,499742,196775.747,406305296.18389
2026-03-26 16:00:00+00:00,2069.43,2070.0,2058.61,2060.12,127490.223,2026-03-26 16:59:59.999000+00:00,263244747.27954,241205,65248.849,134737332.53703
2026-03-26 17:00:00+00:00,2060.11,2070.0,2042.43,2048.22,228079.875,2026-03-26 17:59:59.999000+00:00,468921162.81879,273919,105604.703,217230331.59896
2026-03-26 18:00:00+00:00,2048.22,2054.91,2033.22,2045.82,319219.306,2026-03-26 18:59:59.999000+00:00,652142435.29643,417173,152969.375,312562602.53852
2026-03-26 19:00:00+00:00,2045.82,2053.0,2038.19,2047.86,163518.578,2026-03-26 19:59:59.999000+00:00,334586142.2127,210457,84746.456,173426461.5022
2026-03-26 20:00:00+00:00,2047.85,2080.25,2045.17,2063.83,465012.76,2026-03-26 20:59:59.999000+00:00,962636762.7998,445916,263864.417,546254419.89357
2026-03-26 21:00:00+00:00,2063.83,2077.99,2058.81,2067.08,136165.748,2026-03-26 21:59:59.999000+00:00,281641752.69317,158036,68914.474,142575010.61493
2026-03-26 22:00:00+00:00,2067.08,2072.06,2053.4,2064.67,120740.271,2026-03-26 22:59:59.999000+00:00,249064270.62483,207131,52576.998,108457874.88083
2026-03-26 23:00:00+00:00,2064.66,2068.63,2054.54,2059.17,95861.835,2026-03-26 23:59:59.999000+00:00,197495310.73499,154540,41182.331,84863769.90995
2026-03-27 00:00:00+00:00,2059.18,2066.73,2055.5,2064.11,98699.583,2026-03-27 00:59:59.999000+00:00,203464029.72451,204009,51193.754,105526135.96516
2026-03-27 01:00:00+00:00,2064.1,2073.84,2062.03,2073.18,89821.727,2026-03-27 01:59:59.999000+00:00,185851044.83645,179891,45369.764,93881897.35364
2026-03-27 02:00:00+00:00,2073.19,2076.43,2065.77,2067.12,81434.003,2026-03-27 02:59:59.999000+00:00,168710278.26811,144694,40242.812,83384226.08546
2026-03-27 03:00:00+00:00,2067.11,2068.0,2058.06,2060.45,84974.442,2026-03-27 03:59:59.999000+00:00,175186045.79794,137894,40124.012,82720280.38871
2026-03-27 04:00:00+00:00,2060.44,2060.99,2041.32,2052.13,261249.067,2026-03-27 04:59:59.999000+00:00,535290285.691,245807,124160.42,254404182.5943
2026-03-27 05:00:00+00:00,2052.12,2065.58,2050.91,2060.18,102683.384,2026-03-27 05:59:59.999000+00:00,211396061.40218,178407,55911.592,115103940.5238
2026-03-27 06:00:00+00:00,2060.18,2067.11,2057.32,2061.4,83849.646,2026-03-27 06:59:59.999000+00:00,172972970.47016,135824,37824.646,78036583.40857
2026-03-27 07:00:00+00:00,2061.4,2071.59,2058.77,2064.95,165318.422,2026-03-27 07:59:59.999000+00:00,341635305.65842,205695,90105.09,186195753.43237
2026-03-27 08:00:00+00:00,2064.94,2068.6,2032.1,2046.5,395149.178,2026-03-27 08:59:59.999000+00:00,808930915.14424,439771,193263.207,395610220.83429
2026-03-27 09:00:00+00:00,2046.51,2051.11,2033.04,2039.89,178501.161,2026-03-27 09:59:59.999000+00:00,364720768.41841,237856,81664.509,166905131.67376
2026-03-27 10:00:00+00:00,2039.9,2043.72,1981.35,1989.7,771981.863,2026-03-27 10:59:59.999000+00:00,1550412828.75521,698392,311868.526,626221579.62283
2026-03-27 11:00:00+00:00,1989.69,1997.04,1980.28,1990.24,309886.841,2026-03-27 11:59:59.999000+00:00,617079860.3085,397556,158710.58,316065142.91569
2026-03-27 12:00:00+00:00,1990.24,1992.13,1980.23,1987.71,221427.624,2026-03-27 12:59:59.999000+00:00,439903540.60024,274532,112843.861,224195300.77554
2026-03-27 13:00:00+00:00,1987.71,1995.9,1966.2,1977.94,423533.93,2026-03-27 13:59:59.999000+00:00,839639596.25335,558602,203315.028,403173696.74177
2026-03-27 14:00:00+00:00,1977.94,1988.71,1970.4,1988.15,345069.888,2026-03-27 14:59:59.999000+00:00,683266415.25407,507720,171258.696,339092603.46817
2026-03-27 15:00:00+00:00,1988.15,2009.46,1982.11,1990.12,448212.997,2026-03-27 15:59:59.999000+00:00,894266091.51124,487705,226333.405,451682640.57498
2026-03-27 16:00:00+00:00,1990.11,1990.29,1980.52,1982.61,89927.324,2026-03-27 16:59:59.999000+00:00,178489135.29536,128919,41368.254,82106529.72066
