symbol,longAccount,longShortRatio,shortAccount,timestamp
ETHUSDT,0.555,1.2474,0.445,2026-03-13 17:00:00+00:00
ETHUSDT,0.5489,1.2166,0.4511,2026-03-13 18:00:00+00:00
ETHUSDT,0.553,1.237,0.447,2026-03-13 19:00:00+00:00
ETHUSDT,0.5531,1.2375,0.4469,2026-03-13 20:00:00+00:00
ETHUSDT,0.5514,1.229,0.4486,2026-03-13 21:00:00+00:00
ETHUSDT,0.5487,1.2158,0.4513,2026-03-13 22:00:00+00:00
ETHUSDT,0.5563,1.2538,0.4437,2026-03-13 23:00:00+00:00
ETHUSDT,0.556,1.2522,0.444,2026-03-14 00:00:00+00:00
ETHUSDT,0.5568,1.2565,0.4432,2026-03-14 01:00:00+00:00
ETHUSDT,0.5594,1.2696,0.4406,2026-03-14 02:00:00+00:00
ETHUSDT,0.5596,1.2706,0.4404,2026-03-14 03:00:00+00:00
ETHUSDT,0.5582,1.2637,0.4418,2026-03-14 04:00:00+00:00
ETHUSDT,0.5544,1.2441,0.4456,2026-03-14 05:00:00+00:00
ETHUSDT,0.5545,1.2449,0.4455,2026-03-14 06:00:00+00:00
ETHUSDT,0.5594,1.2694,0.4406,2026-03-14 07:00:00+00:00
ETHUSDT,0.5593,1.2689,0.4407,2026-03-14 08:00:00+00:00
ETHUSDT,0.5593,1.269,0.4407,2026-03-14 09:00:00+00:00
ETHUSDT,0.5601,1.2733,0.4399,2026-03-14 10:00:00+00:00
ETHUSDT,0.5594,1.2697,0.4406,2026-03-14 11:00:00+00:00
ETHUSDT,0.5574,1.2593,0.4426,2026-03-14 12:00:00+00:00
ETHUSDT,0.5576,1.2606,0.4424,2026-03-14 13:00:00+00:00
ETHUSDT,0.5571,1.258,0.4429,2026-03-14 14:00:00+00:00
ETHUSDT,0.5562,1.2534,0.4438,2026-03-14 15:00:00+00:00
ETHUSDT,0.5564,1.2545,0.4436,2026-03-14 16:00:00+00:00
ETHUSDT,0.555,1.2471,0.445,2026-03-14 17:00:00+00:00
ETHUSDT,0.5544,1.2443,0.4456,2026-03-14 18:00:00+00:00
ETHUSDT,0.555,1.2471,0.445,2026-03-14 19:00:00+00:00
ETHUSDT,0.5538,1.2411,0.4462,2026-03-14 20:00:00+00:00
ETHUSDT,0.5516,1.2302,0.4484,2026-03-14 21:00:00+00:00
ETHUSDT,0.5496,1.2203,0.4504,2026-03-14 22:00:00+00:00
ETHUSDT,0.5485,1.2149,0.4515,2026-03-14 23:00:00+00:00
ETHUSDT,0.5448,1.1967,0.4552,2026-03-15 00:00:00+00:00
ETHUSDT,0.5431,1.1888,0.4569,2026-03-15 01:00:00+00:00
ETHUSDT,0.5446,1.196,0.4554,2026-03-15 02:00:00+00:00
ETHUSDT,0.5466,1.2054,0.4534,2026-03-15 03:00:00+00:00
ETHUSDT,0.5453,1.1993,0.4547,2026-03-15 04:00:00+00:00
ETHUSDT,0.5449,1.1973,0.4551,2026-03-15 05:00:00+00:00
ETHUSDT,0.5459,1.2022,0.4541,2026-03-15 06:00:00+00:00
ETHUSDT,0.5452,1.1989,0.4548,2026-03-15 07:00:00+00:00
ETHUSDT,0.5469,1.2073,0.4531,2026-03-15 08:00:00+00:00
ETHUSDT,0.5464,1.2044,0.4536,2026-03-15 09:00:00+00:00
ETHUSDT,0.5459,1.2022,0.4541,2026-03-15 10:00:00+00:00
ETHUSDT,0.5448,1.1967,0.4552,2026-03-15 11:00:00+00:00
ETHUSDT,0.5445,1.1956,0.4555,2026-03-15 12:00:00+00:00
ETHUSDT,0.545,1.198,0.455,2026-03-15 13:00:00+00:00
ETHUSDT,0.5524,1.234,0.4476,2026-03-15 14:00:00+00:00
ETHUSDT,0.5519,1.2318,0.4481,2026-03-15 15:00:00+00:00
ETHUSDT,0.5512,1.228,0.4488,2026-03-15 16:00:00+00:00
ETHUSDT,0.5528,1.2363,0.4472,2026-03-15 17:00:00+00:00
ETHUSDT,0.5494,1.2195,0.4506,2026-03-15 18:00:00+00:00
ETHUSDT,0.5499,1.222,0.4501,2026-03-15 19:00:00+00:00
ETHUSDT,0.5497,1.2206,0.4503,2026-03-15 20:00:00+00:00
ETHUSDT,0.5507,1.2258,0.4493,2026-03-15 21:00:00+00:00
ETHUSDT,0.5478,1.2112,0.4522,2026-03-15 22:00:00+00:00
ETHUSDT,0.5549,1.2466,0.4451,2026-03-15 23:00:00+00:00
ETHUSDT,0.562,1.283,0.438,2026-03-16 00:00:00+00:00
ETHUSDT,0.5613,1.2792,0.4387,2026-03-16 01:00:00+00:00
ETHUSDT,0.5592,1.2684,0.4408,2026-03-16 02:00:00+00:00
ETHUSDT,0.5582,1.2633,0.4418,2026-03-16 03:00:00+00:00
ETHUSDT,0.551,1.2274,0.449,2026-03-16 04:00:00+00:00
ETHUSDT,0.5532,1.2382,0.4468,2026-03-16 05:00:00+00:00
ETHUSDT,0.5636,1.2917,0.4364,2026-03-16 06:00:00+00:00
ETHUSDT,0.5628,1.2873,0.4372,2026-03-16 07:00:00+00:00
ETHUSDT,0.5758,1.3571,0.4242,2026-03-16 08:00:00+00:00
ETHUSDT,0.5778,1.3687,0.4222,2026-03-16 09:00:00+00:00
ETHUSDT,0.5774,1.3661,0.4226,2026-03-16 10:00:00+00:00
ETHUSDT,0.5753,1.3547,0.4247,2026-03-16 11:00:00+00:00
ETHUSDT,0.5767,1.3625,0.4233,2026-03-16 12:00:00+00:00
ETHUSDT,0.5887,1.4312,0.4113,2026-03-16 13:00:00+00:00
ETHUSDT,0.5907,1.4431,0.4093,2026-03-16 14:00:00+00:00
ETHUSDT,0.5826,1.3956,0.4174,2026-03-16 15:00:00+00:00
ETHUSDT,0.5804,1.3831,0.4196,2026-03-16 16:00:00+00:00
ETHUSDT,0.5817,1.3906,0.4183,2026-03-16 17:00:00+00:00
ETHUSDT,0.5764,1.3608,0.4236,2026-03-16 18:00:00+00:00
ETHUSDT,0.5768,1.3627,0.4232,2026-03-16 19:00:00+00:00
ETHUSDT,0.5786,1.3729,0.4214,2026-03-16 20:00:00+00:00
ETHUSDT,0.5797,1.3793,0.4203,2026-03-16 21:00:00+00:00
ETHUSDT,0.5851,1.4102,0.4149,2026-03-16 22:00:00+00:00
ETHUSDT,0.585,1.4099,0.415,2026-03-16 23:00:00+00:00
ETHUSDT,0.5849,1.4089,0.4151,2026-03-17 00:00:00+00:00
ETHUSDT,0.5895,1.4362,0.4105,2026-03-17 01:00:00+00:00
ETHUSDT,0.5851,1.4099,0.4149,2026-03-17 02:00:00+00:00
ETHUSDT,0.5865,1.4183,0.4135,2026-03-17 03:00:00+00:00
ETHUSDT,0.5725,1.3391,0.4275,2026-03-17 04:00:00+00:00
ETHUSDT,0.5622,1.284,0.4378,2026-03-17 05:00:00+00:00
ETHUSDT,0.5625,1.2855,0.4375,2026-03-17 06:00:00+00:00
ETHUSDT,0.5603,1.2742,0.4397,2026-03-17 07:00:00+00:00
ETHUSDT,0.5595,1.2701,0.4405,2026-03-17 08:00:00+00:00
ETHUSDT,0.5571,1.2579,0.4429,2026-03-17 09:00:00+00:00
ETHUSDT,0.5513,1.2287,0.4487,2026-03-17 10:00:00+00:00
ETHUSDT,0.5555,1.2499,0.4445,2026-03-17 11:00:00+00:00
ETHUSDT,0.5554,1.249,0.4446,2026-03-17 12:00:00+00:00
ETHUSDT,0.5562,1.2534,0.4438,2026-03-17 13:00:00+00:00
ETHUSDT,0.5466,1.2056,0.4534,2026-03-17 14:00:00+00:00
ETHUSDT,0.5433,1.1897,0.4567,2026-03-17 15:00:00+00:00
ETHUSDT,0.5425,1.1857,0.4575,2026-03-17 16:00:00+00:00
ETHUSDT,0.5427,1.1865,0.4573,2026-03-17 17:00:00+00:00
ETHUSDT,0.5419,1.183,0.4581,2026-03-17 18:00:00+00:00
ETHUSDT,0.543,1.1883,0.457,2026-03-17 19:00:00+00:00
ETHUSDT,0.5449,1.1974,0.4551,2026-03-17 20:00:00+00:00
ETHUSDT,0.5452,1.1986,0.4548,2026-03-17 21:00:00+00:00
ETHUSDT,0.546,1.2028,0.454,2026-03-17 22:00:00+00:00
ETHUSDT,0.5473,1.2089,0.4527,2026-03-17 23:00:00+00:00
ETHUSDT,0.5483,1.2137,0.4517,2026-03-18 00:00:00+00:00
ETHUSDT,0.5505,1.2246,0.4495,2026-03-18 01:00:00+00:00
ETHUSDT,0.5465,1.2051,0.4535,2026-03-18 02:00:00+00:00
ETHUSDT,0.5459,1.2022,0.4541,2026-03-18 03:00:00+00:00
ETHUSDT,0.5486,1.2154,0.4514,2026-03-18 04:00:00+00:00
ETHUSDT,0.5498,1.2213,0.4502,2026-03-18 05:00:00+00:00
ETHUSDT,0.5485,1.2148,0.4515,2026-03-18 06:00:00+00:00
ETHUSDT,0.5507,1.2256,0.4493,2026-03-18 07:00:00+00:00
ETHUSDT,0.5527,1.2358,0.4473,2026-03-18 08:00:00+00:00
ETHUSDT,0.5521,1.2327,0.4479,2026-03-18 09:00:00+00:00
ETHUSDT,0.5519,1.2316,0.4481,2026-03-18 10:00:00+00:00
ETHUSDT,0.5514,1.2291,0.4486,2026-03-18 11:00:00+00:00
ETHUSDT,0.5521,1.2328,0.4479,2026-03-18 12:00:00+00:00
ETHUSDT,0.5544,1.2444,0.4456,2026-03-18 13:00:00+00:00
ETHUSDT,0.5578,1.2615,0.4422,2026-03-18 14:00:00+00:00
ETHUSDT,0.5447,1.1963,0.4553,2026-03-18 15:00:00+00:00
ETHUSDT,0.5313,1.1337,0.4687,2026-03-18 16:00:00+00:00
ETHUSDT,0.5277,1.1174,0.4723,2026-03-18 17:00:00+00:00
ETHUSDT,0.5235,1.0988,0.4765,2026-03-18 18:00:00+00:00
ETHUSDT,0.5229,1.0961,0.4771,2026-03-18 19:00:00+00:00
ETHUSDT,0.5236,1.099,0.4764,2026-03-18 20:00:00+00:00
ETHUSDT,0.5271,1.1145,0.4729,2026-03-18 21:00:00+00:00
ETHUSDT,0.5252,1.1064,0.4748,2026-03-18 22:00:00+00:00
ETHUSDT,0.5245,1.1033,0.4755,2026-03-18 23:00:00+00:00
ETHUSDT,0.5236,1.0991,0.4764,2026-03-19 00:00:00+00:00
ETHUSDT,0.5247,1.1039,0.4753,2026-03-19 01:00:00+00:00
ETHUSDT,0.5241,1.1012,0.4759,2026-03-19 02:00:00+00:00
ETHUSDT,0.5201,1.084,0.4799,2026-03-19 03:00:00+00:00
ETHUSDT,0.5174,1.072,0.4826,2026-03-19 04:00:00+00:00
ETHUSDT,0.5188,1.078,0.4812,2026-03-19 05:00:00+00:00
ETHUSDT,0.5191,1.0796,0.4809,2026-03-19 06:00:00+00:00
ETHUSDT,0.5206,1.0859,0.4794,2026-03-19 07:00:00+00:00
ETHUSDT,0.529,1.123,0.471,2026-03-19 08:00:00+00:00
ETHUSDT,0.5268,1.1134,0.4732,2026-03-19 09:00:00+00:00
ETHUSDT,0.5278,1.1178,0.4722,2026-03-19 10:00:00+00:00
ETHUSDT,0.5276,1.1169,0.4724,2026-03-19 11:00:00+00:00
ETHUSDT,0.5295,1.1252,0.4705,2026-03-19 12:00:00+00:00
ETHUSDT,0.5288,1.1221,0.4712,2026-03-19 13:00:00+00:00
ETHUSDT,0.5233,1.0978,0.4767,2026-03-19 14:00:00+00:00
ETHUSDT,0.526,1.1096,0.474,2026-03-19 15:00:00+00:00
ETHUSDT,0.5206,1.0861,0.4794,2026-03-19 16:00:00+00:00
ETHUSDT,0.518,1.0748,0.482,2026-03-19 17:00:00+00:00
ETHUSDT,0.5168,1.0695,0.4832,2026-03-19 18:00:00+00:00
ETHUSDT,0.5169,1.0698,0.4831,2026-03-19 19:00:00+00:00
ETHUSDT,0.5109,1.0444,0.4891,2026-03-19 20:00:00+00:00
ETHUSDT,0.5131,1.0538,0.4869,2026-03-19 21:00:00+00:00
ETHUSDT,0.5126,1.0517,0.4874,2026-03-19 22:00:00+00:00
ETHUSDT,0.5108,1.0441,0.4892,2026-03-19 23:00:00+00:00
ETHUSDT,0.5112,1.046,0.4888,2026-03-20 00:00:00+00:00
ETHUSDT,0.5112,1.0458,0.4888,2026-03-20 01:00:00+00:00
ETHUSDT,0.5103,1.0419,0.4897,2026-03-20 02:00:00+00:00
ETHUSDT,0.5077,1.0311,0.4923,2026-03-20 03:00:00+00:00
ETHUSDT,0.5066,1.0267,0.4934,2026-03-20 04:00:00+00:00
ETHUSDT,0.5097,1.0396,0.4903,2026-03-20 05:00:00+00:00
ETHUSDT,0.511,1.045,0.489,2026-03-20 06:00:00+00:00
ETHUSDT,0.5099,1.0403,0.4901,2026-03-20 07:00:00+00:00
ETHUSDT,0.5093,1.038,0.4907,2026-03-20 08:00:00+00:00
ETHUSDT,0.5086,1.0349,0.4914,2026-03-20 09:00:00+00:00
ETHUSDT,0.5089,1.0362,0.4911,2026-03-20 10:00:00+00:00
ETHUSDT,0.5117,1.0478,0.4883,2026-03-20 11:00:00+00:00
ETHUSDT,0.5125,1.0514,0.4875,2026-03-20 12:00:00+00:00
ETHUSDT,0.515,1.0617,0.485,2026-03-20 13:00:00+00:00
ETHUSDT,0.5161,1.0663,0.4839,2026-03-20 14:00:00+00:00
ETHUSDT,0.5227,1.0953,0.4773,2026-03-20 15:00:00+00:00
ETHUSDT,0.5238,1.1001,0.4762,2026-03-20 16:00:00+00:00
ETHUSDT,0.5231,1.0968,0.4769,2026-03-20 17:00:00+00:00
ETHUSDT,0.5262,1.1106,0.4738,2026-03-20 18:00:00+00:00
ETHUSDT,0.5288,1.122,0.4712,2026-03-20 19:00:00+00:00
ETHUSDT,0.5273,1.1157,0.4727,2026-03-20 20:00:00+00:00
ETHUSDT,0.5256,1.1081,0.4744,2026-03-20 21:00:00+00:00
ETHUSDT,0.5291,1.1237,0.4709,2026-03-20 22:00:00+00:00
ETHUSDT,0.5298,1.1269,0.4702,2026-03-20 23:00:00+00:00
ETHUSDT,0.5292,1.1239,0.4708,2026-03-21 00:00:00+00:00
ETHUSDT,0.5302,1.1287,0.4698,2026-03-21 01:00:00+00:00
ETHUSDT,0.5281,1.1191,0.4719,2026-03-21 02:00:00+00:00
ETHUSDT,0.5282,1.1197,0.4718,2026-03-21 03:00:00+00:00
ETHUSDT,0.5276,1.1169,0.4724,2026-03-21 04:00:00+00:00
ETHUSDT,0.527,1.1143,0.473,2026-03-21 05:00:00+00:00
ETHUSDT,0.5269,1.1139,0.4731,2026-03-21 06:00:00+00:00
ETHUSDT,0.5269,1.1136,0.4731,2026-03-21 07:00:00+00:00
ETHUSDT,0.5264,1.1116,0.4736,2026-03-21 08:00:00+00:00
ETHUSDT,0.5276,1.1171,0.4724,2026-03-21 09:00:00+00:00
ETHUSDT,0.5251,1.1057,0.4749,2026-03-21 10:00:00+00:00
ETHUSDT,0.5251,1.1057,0.4749,2026-03-21 11:00:00+00:00
ETHUSDT,0.526,1.1098,0.474,2026-03-21 12:00:00+00:00
ETHUSDT,0.5253,1.1067,0.4747,2026-03-21 13:00:00+00:00
ETHUSDT,0.5259,1.1091,0.4741,2026-03-21 14:00:00+00:00
ETHUSDT,0.5267,1.113,0.4733,2026-03-21 15:00:00+00:00
ETHUSDT,0.5276,1.1169,0.4724,2026-03-21 16:00:00+00:00
ETHUSDT,0.5296,1.1259,0.4704,2026-03-21 17:00:00+00:00
ETHUSDT,0.5302,1.1285,0.4698,2026-03-21 18:00:00+00:00
ETHUSDT,0.5304,1.1295,0.4696,2026-03-21 19:00:00+00:00
ETHUSDT,0.5307,1.1309,0.4693,2026-03-21 20:00:00+00:00
ETHUSDT,0.5311,1.1325,0.4689,2026-03-21 21:00:00+00:00
ETHUSDT,0.5312,1.1329,0.4688,2026-03-21 22:00:00+00:00
ETHUSDT,0.5311,1.1326,0.4689,2026-03-21 23:00:00+00:00
ETHUSDT,0.5217,1.0907,0.4783,2026-03-22 00:00:00+00:00
ETHUSDT,0.5201,1.0836,0.4799,2026-03-22 01:00:00+00:00
ETHUSDT,0.5196,1.0816,0.4804,2026-03-22 02:00:00+00:00
ETHUSDT,0.5173,1.0716,0.4827,2026-03-22 03:00:00+00:00
ETHUSDT,0.5145,1.0598,0.4855,2026-03-22 04:00:00+00:00
ETHUSDT,0.5122,1.0499,0.4878,2026-03-22 05:00:00+00:00
ETHUSDT,0.5093,1.0378,0.4907,2026-03-22 06:00:00+00:00
ETHUSDT,0.5094,1.0383,0.4906,2026-03-22 07:00:00+00:00
ETHUSDT,0.5082,1.0332,0.4918,2026-03-22 08:00:00+00:00
ETHUSDT,0.5134,1.0551,0.4866,2026-03-22 09:00:00+00:00
ETHUSDT,0.5138,1.0568,0.4862,2026-03-22 10:00:00+00:00
ETHUSDT,0.5134,1.0552,0.4866,2026-03-22 11:00:00+00:00
ETHUSDT,0.5163,1.0674,0.4837,2026-03-22 12:00:00+00:00
ETHUSDT,0.5143,1.0589,0.4857,2026-03-22 13:00:00+00:00
ETHUSDT,0.5146,1.06,0.4854,2026-03-22 14:00:00+00:00
ETHUSDT,0.5125,1.0514,0.4875,2026-03-22 15:00:00+00:00
ETHUSDT,0.514,1.0578,0.486,2026-03-22 16:00:00+00:00
ETHUSDT,0.5138,1.0567,0.4862,2026-03-22 17:00:00+00:00
ETHUSDT,0.5135,1.0556,0.4865,2026-03-22 18:00:00+00:00
ETHUSDT,0.5147,1.0605,0.4853,2026-03-22 19:00:00+00:00
ETHUSDT,0.5162,1.0669,0.4838,2026-03-22 20:00:00+00:00
ETHUSDT,0.5149,1.0614,0.4851,2026-03-22 21:00:00+00:00
ETHUSDT,0.5132,1.0543,0.4868,2026-03-22 22:00:00+00:00
ETHUSDT,0.5151,1.0625,0.4849,2026-03-22 23:00:00+00:00
ETHUSDT,0.5178,1.074,0.4822,2026-03-23 00:00:00+00:00
ETHUSDT,0.5185,1.077,0.4815,2026-03-23 01:00:00+00:00
ETHUSDT,0.5181,1.0753,0.4819,2026-03-23 02:00:00+00:00
ETHUSDT,0.5258,1.1088,0.4742,2026-03-23 03:00:00+00:00
ETHUSDT,0.525,1.1053,0.475,2026-03-23 04:00:00+00:00
ETHUSDT,0.5229,1.0962,0.4771,2026-03-23 05:00:00+00:00
ETHUSDT,0.5223,1.0933,0.4777,2026-03-23 06:00:00+00:00
ETHUSDT,0.5238,1.1002,0.4762,2026-03-23 07:00:00+00:00
ETHUSDT,0.5238,1.1,0.4762,2026-03-23 08:00:00+00:00
ETHUSDT,0.5235,1.0985,0.4765,2026-03-23 09:00:00+00:00
ETHUSDT,0.5244,1.1028,0.4756,2026-03-23 10:00:00+00:00
ETHUSDT,0.5221,1.0925,0.4779,2026-03-23 11:00:00+00:00
ETHUSDT,0.5228,1.0956,0.4772,2026-03-23 12:00:00+00:00
ETHUSDT,0.5315,1.1343,0.4685,2026-03-23 13:00:00+00:00
ETHUSDT,0.5225,1.0942,0.4775,2026-03-23 14:00:00+00:00
ETHUSDT,0.5212,1.0887,0.4788,2026-03-23 15:00:00+00:00
ETHUSDT,0.5219,1.0917,0.4781,2026-03-23 16:00:00+00:00
ETHUSDT,0.5243,1.1023,0.4757,2026-03-23 17:00:00+00:00
ETHUSDT,0.5245,1.103,0.4755,2026-03-23 18:00:00+00:00
ETHUSDT,0.5255,1.1076,0.4745,2026-03-23 19:00:00+00:00
ETHUSDT,0.5269,1.1138,0.4731,2026-03-23 20:00:00+00:00
ETHUSDT,0.5272,1.1152,0.4728,2026-03-23 21:00:00+00:00
ETHUSDT,0.5285,1.121,0.4715,2026-03-23 22:00:00+00:00
ETHUSDT,0.5299,1.1272,0.4701,2026-03-23 23:00:00+00:00
ETHUSDT,0.5285,1.121,0.4715,2026-03-24 00:00:00+00:00
ETHUSDT,0.5322,1.1375,0.4678,2026-03-24 01:00:00+00:00
ETHUSDT,0.5318,1.136,0.4682,2026-03-24 02:00:00+00:00
ETHUSDT,0.5345,1.1481,0.4655,2026-03-24 03:00:00+00:00
ETHUSDT,0.5354,1.1523,0.4646,2026-03-24 04:00:00+00:00
ETHUSDT,0.5371,1.1605,0.4629,2026-03-24 05:00:00+00:00
ETHUSDT,0.5389,1.1689,0.4611,2026-03-24 06:00:00+00:00
ETHUSDT,0.5375,1.1624,0.4625,2026-03-24 07:00:00+00:00
ETHUSDT,0.5279,1.1182,0.4721,2026-03-24 08:00:00+00:00
ETHUSDT,0.5284,1.1205,0.4716,2026-03-24 09:00:00+00:00
ETHUSDT,0.53,1.1276,0.47,2026-03-24 10:00:00+00:00
ETHUSDT,0.5298,1.1267,0.4702,2026-03-24 11:00:00+00:00
ETHUSDT,0.5264,1.1113,0.4736,2026-03-24 12:00:00+00:00
ETHUSDT,0.5232,1.0972,0.4768,2026-03-24 13:00:00+00:00
ETHUSDT,0.5232,1.0973,0.4768,2026-03-24 14:00:00+00:00
ETHUSDT,0.5263,1.111,0.4737,2026-03-24 15:00:00+00:00
ETHUSDT,0.5285,1.1207,0.4715,2026-03-24 16:00:00+00:00
ETHUSDT,0.5334,1.1432,0.4666,2026-03-24 17:00:00+00:00
ETHUSDT,0.5374,1.1618,0.4626,2026-03-24 18:00:00+00:00
ETHUSDT,0.5367,1.1585,0.4633,2026-03-24 19:00:00+00:00
ETHUSDT,0.5385,1.1669,0.4615,2026-03-24 20:00:00+00:00
ETHUSDT,0.5351,1.151,0.4649,2026-03-24 21:00:00+00:00
ETHUSDT,0.5327,1.1398,0.4673,2026-03-24 22:00:00+00:00
ETHUSDT,0.5295,1.1253,0.4705,2026-03-24 23:00:00+00:00
ETHUSDT,0.5302,1.1287,0.4698,2026-03-25 00:00:00+00:00
ETHUSDT,0.5295,1.1256,0.4705,2026-03-25 01:00:00+00:00
ETHUSDT,0.5268,1.1131,0.4732,2026-03-25 02:00:00+00:00
ETHUSDT,0.526,1.1096,0.474,2026-03-25 03:00:00+00:00
ETHUSDT,0.5259,1.1092,0.4741,2026-03-25 04:00:00+00:00
ETHUSDT,0.5256,1.1081,0.4744,2026-03-25 05:00:00+00:00
ETHUSDT,0.5229,1.0959,0.4771,2026-03-25 06:00:00+00:00
ETHUSDT,0.521,1.0876,0.479,2026-03-25 07:00:00+00:00
ETHUSDT,0.5188,1.0781,0.4812,2026-03-25 08:00:00+00:00
ETHUSDT,0.521,1.0875,0.479,2026-03-25 09:00:00+00:00
ETHUSDT,0.5197,1.0819,0.4803,2026-03-25 10:00:00+00:00
ETHUSDT,0.5186,1.0773,0.4814,2026-03-25 11:00:00+00:00
ETHUSDT,0.5153,1.0631,0.4847,2026-03-25 12:00:00+00:00
ETHUSDT,0.51,1.0408,0.49,2026-03-25 13:00:00+00:00
ETHUSDT,0.509,1.0366,0.491,2026-03-25 14:00:00+00:00
ETHUSDT,0.5111,1.0452,0.4889,2026-03-25 15:00:00+00:00
ETHUSDT,0.517,1.0702,0.483,2026-03-25 16:00:00+00:00
ETHUSDT,0.5195,1.0811,0.4805,2026-03-25 17:00:00+00:00
ETHUSDT,0.5211,1.0882,0.4789,2026-03-25 18:00:00+00:00
ETHUSDT,0.5225,1.0944,0.4775,2026-03-25 19:00:00+00:00
ETHUSDT,0.5236,1.0992,0.4764,2026-03-25 20:00:00+00:00
ETHUSDT,0.5242,1.1016,0.4758,2026-03-25 21:00:00+00:00
ETHUSDT,0.5226,1.0945,0.4774,2026-03-25 22:00:00+00:00
ETHUSDT,0.5217,1.0908,0.4783,2026-03-25 23:00:00+00:00
ETHUSDT,0.5224,1.0939,0.4776,2026-03-26 00:00:00+00:00
ETHUSDT,0.5225,1.0942,0.4775,2026-03-26 01:00:00+00:00
ETHUSDT,0.5237,1.0995,0.4763,2026-03-26 02:00:00+00:00
ETHUSDT,0.5333,1.1426,0.4667,2026-03-26 03:00:00+00:00
ETHUSDT,0.5323,1.1383,0.4677,2026-03-26 04:00:00+00:00
ETHUSDT,0.5318,1.1359,0.4682,2026-03-26 05:00:00+00:00
ETHUSDT,0.5311,1.1328,0.4689,2026-03-26 06:00:00+00:00
ETHUSDT,0.5303,1.1291,0.4697,2026-03-26 07:00:00+00:00
ETHUSDT,0.533,1.1412,0.467,2026-03-26 08:00:00+00:00
ETHUSDT,0.5326,1.1396,0.4674,2026-03-26 09:00:00+00:00
ETHUSDT,0.5204,1.0849,0.4796,2026-03-26 10:00:00+00:00
ETHUSDT,0.52,1.0832,0.48,2026-03-26 11:00:00+00:00
ETHUSDT,0.523,1.0963,0.477,2026-03-26 12:00:00+00:00
ETHUSDT,0.5227,1.0949,0.4773,2026-03-26 13:00:00+00:00
ETHUSDT,0.5283,1.12,0.4717,2026-03-26 14:00:00+00:00
ETHUSDT,0.5312,1.1329,0.4688,2026-03-26 15:00:00+00:00
ETHUSDT,0.536,1.155,0.464,2026-03-26 16:00:00+00:00
ETHUSDT,0.5381,1.1648,0.4619,2026-03-26 17:00:00+00:00
ETHUSDT,0.5371,1.1603,0.4629,2026-03-26 18:00:00+00:00
ETHUSDT,0.5412,1.1794,0.4588,2026-03-26 19:00:00+00:00
ETHUSDT,0.5388,1.1684,0.4612,2026-03-26 20:00:00+00:00
ETHUSDT,0.5432,1.1889,0.4568,2026-03-26 21:00:00+00:00
ETHUSDT,0.5421,1.1838,0.4579,2026-03-26 22:00:00+00:00
ETHUSDT,0.5403,1.1754,0.4597,2026-03-26 23:00:00+00:00
ETHUSDT,0.5386,1.1672,0.4614,2026-03-27 00:00:00+00:00
ETHUSDT,0.5404,1.1757,0.4596,2026-03-27 01:00:00+00:00
ETHUSDT,0.5398,1.1728,0.4602,2026-03-27 02:00:00+00:00
ETHUSDT,0.5366,1.1582,0.4634,2026-03-27 03:00:00+00:00
ETHUSDT,0.5363,1.1568,0.4637,2026-03-27 04:00:00+00:00
ETHUSDT,0.5314,1.1341,0.4686,2026-03-27 05:00:00+00:00
ETHUSDT,0.5313,1.1337,0.4687,2026-03-27 06:00:00+00:00
ETHUSDT,0.5294,1.1248,0.4706,2026-03-27 07:00:00+00:00
ETHUSDT,0.5295,1.1253,0.4705,2026-03-27 08:00:00+00:00
ETHUSDT,0.5295,1.1255,0.4705,2026-03-27 09:00:00+00:00
ETHUSDT,0.5282,1.1196,0.4718,2026-03-27 10:00:00+00:00
ETHUSDT,0.5225,1.0943,0.4775,2026-03-27 11:00:00+00:00
ETHUSDT,0.5212,1.0887,0.4788,2026-03-27 12:00:00+00:00
ETHUSDT,0.5211,1.0882,0.4789,2026-03-27 13:00:00+00:00
ETHUSDT,0.5231,1.0969,0.4769,2026-03-27 14:00:00+00:00
ETHUSDT,0.5269,1.1136,0.4731,2026-03-27 15:00:00+00:00
ETHUSDT,0.5273,1.1153,0.4727,2026-03-27 16:00:00+00:00
